Copyright 1986-2022 Xilinx, Inc. All Rights Reserved. Copyright 2022-2024 Advanced Micro Devices, Inc. All Rights Reserved.
------------------------------------------------------------------------------------------------------------------------------------------------------------------------------------------------------------------------------------------------------
| Tool Version : Vivado v.2024.2 (win64) Build 5239630 Fri Nov 08 22:35:27 MST 2024
| Date         : Thu Nov 27 21:27:31 2025
| Host         : Wickar running 64-bit major release  (build 9200)
| Command      : report_timing_summary -max_paths 10 -report_unconstrained -file DarkEnhance_wrapper_timing_summary_routed.rpt -pb DarkEnhance_wrapper_timing_summary_routed.pb -rpx DarkEnhance_wrapper_timing_summary_routed.rpx -warn_on_violation
| Design       : DarkEnhance_wrapper
| Device       : 7z020-clg400
| Speed File   : -1  PRODUCTION 1.12 2019-11-22
| Design State : Routed
------------------------------------------------------------------------------------------------------------------------------------------------------------------------------------------------------------------------------------------------------

Timing Summary Report

------------------------------------------------------------------------------------------------
| Timer Settings
| --------------
------------------------------------------------------------------------------------------------

  Enable Multi Corner Analysis               :  Yes
  Enable Pessimism Removal                   :  Yes
  Pessimism Removal Resolution               :  Nearest Common Node
  Enable Input Delay Default Clock           :  No
  Enable Preset / Clear Arcs                 :  No
  Disable Flight Delays                      :  No
  Ignore I/O Paths                           :  No
  Timing Early Launch at Borrowing Latches   :  No
  Borrow Time for Max Delay Exceptions       :  Yes
  Merge Timing Exceptions                    :  Yes
  Inter-SLR Compensation                     :  Conservative

  Corner  Analyze    Analyze    
  Name    Max Paths  Min Paths  
  ------  ---------  ---------  
  Slow    Yes        Yes        
  Fast    Yes        Yes        


------------------------------------------------------------------------------------------------
| Report Methodology
| ------------------
------------------------------------------------------------------------------------------------

Rule      Severity  Description                                  Violations  
--------  --------  -------------------------------------------  ----------  
ULMTCS-1  Warning   Control Sets use limits recommend reduction  1           

Note: This report is based on the most recent report_methodology run and may not be up-to-date. Run report_methodology on the current design for the latest report.



check_timing report

Table of Contents
-----------------
1. checking no_clock (0)
2. checking constant_clock (0)
3. checking pulse_width_clock (0)
4. checking unconstrained_internal_endpoints (0)
5. checking no_input_delay (0)
6. checking no_output_delay (0)
7. checking multiple_clock (0)
8. checking generated_clocks (0)
9. checking loops (0)
10. checking partial_input_delay (0)
11. checking partial_output_delay (0)
12. checking latch_loops (0)

1. checking no_clock (0)
------------------------
 There are 0 register/latch pins with no clock.


2. checking constant_clock (0)
------------------------------
 There are 0 register/latch pins with constant_clock.


3. checking pulse_width_clock (0)
---------------------------------
 There are 0 register/latch pins which need pulse_width check


4. checking unconstrained_internal_endpoints (0)
------------------------------------------------
 There are 0 pins that are not constrained for maximum delay.

 There are 0 pins that are not constrained for maximum delay due to constant clock.


5. checking no_input_delay (0)
------------------------------
 There are 0 input ports with no input delay specified.

 There are 0 input ports with no input delay but user has a false path constraint.


6. checking no_output_delay (0)
-------------------------------
 There are 0 ports with no output delay specified.

 There are 0 ports with no output delay but user has a false path constraint

 There are 0 ports with no output delay but with a timing clock defined on it or propagating through it


7. checking multiple_clock (0)
------------------------------
 There are 0 register/latch pins with multiple clocks.


8. checking generated_clocks (0)
--------------------------------
 There are 0 generated clocks that are not connected to a clock source.


9. checking loops (0)
---------------------
 There are 0 combinational loops in the design.


10. checking partial_input_delay (0)
------------------------------------
 There are 0 input ports with partial input delay specified.


11. checking partial_output_delay (0)
-------------------------------------
 There are 0 ports with partial output delay specified.


12. checking latch_loops (0)
----------------------------
 There are 0 combinational latch loops in the design through latch input



------------------------------------------------------------------------------------------------
| Design Timing Summary
| ---------------------
------------------------------------------------------------------------------------------------

    WNS(ns)      TNS(ns)  TNS Failing Endpoints  TNS Total Endpoints      WHS(ns)      THS(ns)  THS Failing Endpoints  THS Total Endpoints     WPWS(ns)     TPWS(ns)  TPWS Failing Endpoints  TPWS Total Endpoints  
    -------      -------  ---------------------  -------------------      -------      -------  ---------------------  -------------------     --------     --------  ----------------------  --------------------  
      2.403        0.000                      0                65465        0.007        0.000                      0                65465        8.750        0.000                       0                 19983  


All user specified timing constraints are met.


------------------------------------------------------------------------------------------------
| Clock Summary
| -------------
------------------------------------------------------------------------------------------------

Clock       Waveform(ns)       Period(ns)      Frequency(MHz)
-----       ------------       ----------      --------------
clk_fpga_0  {0.000 10.000}     20.000          50.000          


------------------------------------------------------------------------------------------------
| Intra Clock Table
| -----------------
------------------------------------------------------------------------------------------------

Clock             WNS(ns)      TNS(ns)  TNS Failing Endpoints  TNS Total Endpoints      WHS(ns)      THS(ns)  THS Failing Endpoints  THS Total Endpoints     WPWS(ns)     TPWS(ns)  TPWS Failing Endpoints  TPWS Total Endpoints  
-----             -------      -------  ---------------------  -------------------      -------      -------  ---------------------  -------------------     --------     --------  ----------------------  --------------------  
clk_fpga_0          2.403        0.000                      0                65465        0.007        0.000                      0                65465        8.750        0.000                       0                 19983  


------------------------------------------------------------------------------------------------
| Inter Clock Table
| -----------------
------------------------------------------------------------------------------------------------

From Clock    To Clock          WNS(ns)      TNS(ns)  TNS Failing Endpoints  TNS Total Endpoints      WHS(ns)      THS(ns)  THS Failing Endpoints  THS Total Endpoints  
----------    --------          -------      -------  ---------------------  -------------------      -------      -------  ---------------------  -------------------  


------------------------------------------------------------------------------------------------
| Other Path Groups Table
| -----------------------
------------------------------------------------------------------------------------------------

Path Group    From Clock    To Clock          WNS(ns)      TNS(ns)  TNS Failing Endpoints  TNS Total Endpoints      WHS(ns)      THS(ns)  THS Failing Endpoints  THS Total Endpoints  
----------    ----------    --------          -------      -------  ---------------------  -------------------      -------      -------  ---------------------  -------------------  


------------------------------------------------------------------------------------------------
| User Ignored Path Table
| -----------------------
------------------------------------------------------------------------------------------------

Path Group    From Clock    To Clock    
----------    ----------    --------    
(none)                      clk_fpga_0    
(none)        clk_fpga_0    clk_fpga_0    


------------------------------------------------------------------------------------------------
| Unconstrained Path Table
| ------------------------
------------------------------------------------------------------------------------------------

Path Group    From Clock    To Clock    
----------    ----------    --------    


------------------------------------------------------------------------------------------------
| Timing Details
| --------------
------------------------------------------------------------------------------------------------


---------------------------------------------------------------------------------------------------
From Clock:  clk_fpga_0
  To Clock:  clk_fpga_0

Setup :            0  Failing Endpoints,  Worst Slack        2.403ns,  Total Violation        0.000ns
Hold  :            0  Failing Endpoints,  Worst Slack        0.007ns,  Total Violation        0.000ns
PW    :            0  Failing Endpoints,  Worst Slack        8.750ns,  Total Violation        0.000ns
---------------------------------------------------------------------------------------------------


Max Delay Paths
--------------------------------------------------------------------------------------
Slack (MET) :             2.403ns  (required time - arrival time)
  Source:                 DarkEnhance_i/DarkEnhance_0/inst/R_FIFO/mem_u0/mem_reg/CLKBWRCLK
                            (rising edge-triggered cell RAMB18E1 clocked by clk_fpga_0  {rise@0.000ns fall@10.000ns period=20.000ns})
  Destination:            DarkEnhance_i/DarkEnhance_0/inst/mul_G_reg/A[5]
                            (rising edge-triggered cell DSP48E1 clocked by clk_fpga_0  {rise@0.000ns fall@10.000ns period=20.000ns})
  Path Group:             clk_fpga_0
  Path Type:              Setup (Max at Slow Process Corner)
  Requirement:            20.000ns  (clk_fpga_0 rise@20.000ns - clk_fpga_0 rise@0.000ns)
  Data Path Delay:        16.773ns  (logic 4.596ns (27.401%)  route 12.177ns (72.599%))
  Logic Levels:           14  (CARRY4=4 LUT3=1 LUT4=4 LUT6=5)
  Clock Path Skew:        -0.160ns (DCD - SCD + CPR)
    Destination Clock Delay (DCD):    2.849ns = ( 22.849 - 20.000 ) 
    Source Clock Delay      (SCD):    3.137ns
    Clock Pessimism Removal (CPR):    0.129ns
  Clock Uncertainty:      0.302ns  ((TSJ^2 + TIJ^2)^1/2 + DJ) / 2 + PE
    Total System Jitter     (TSJ):    0.071ns
    Total Input Jitter      (TIJ):    0.600ns
    Discrete Jitter          (DJ):    0.000ns
    Phase Error              (PE):    0.000ns

    Location             Delay type                Incr(ns)  Path(ns)    Netlist Resource(s)
  -------------------------------------------------------------------    -------------------
                         (clock clk_fpga_0 rise edge)
                                                      0.000     0.000 r  
    PS7_X0Y0             PS7                          0.000     0.000 r  DarkEnhance_i/processing_system7_0/inst/PS7_i/FCLKCLK[0]
                         net (fo=1, routed)           1.193     1.193    DarkEnhance_i/processing_system7_0/inst/FCLK_CLK_unbuffered[0]
    BUFGCTRL_X0Y16       BUFG (Prop_bufg_I_O)         0.101     1.294 r  DarkEnhance_i/processing_system7_0/inst/buffer_fclk_clk_0.FCLK_CLK_0_BUFG/O
                         net (fo=19984, routed)       1.843     3.137    DarkEnhance_i/DarkEnhance_0/inst/R_FIFO/mem_u0/clk
    RAMB18_X4Y0          RAMB18E1                                     r  DarkEnhance_i/DarkEnhance_0/inst/R_FIFO/mem_u0/mem_reg/CLKBWRCLK
  -------------------------------------------------------------------    -------------------
    RAMB18_X4Y0          RAMB18E1 (Prop_ramb18e1_CLKBWRCLK_DOBDO[3])
                                                      0.882     4.019 r  DarkEnhance_i/DarkEnhance_0/inst/R_FIFO/mem_u0/mem_reg/DOBDO[3]
                         net (fo=8, routed)           3.156     7.175    DarkEnhance_i/DarkEnhance_0/inst/R_FIFO/mem_u0/DOBDO[3]
    SLICE_X7Y6           LUT4 (Prop_lut4_I1_O)        0.124     7.299 r  DarkEnhance_i/DarkEnhance_0/inst/R_FIFO/mem_u0/max_layer1_11_carry_i_7/O
                         net (fo=1, routed)           0.000     7.299    DarkEnhance_i/DarkEnhance_0/inst/Rmax/i__carry_i_8__12_0[1]
    SLICE_X7Y6           CARRY4 (Prop_carry4_S[1]_CO[3])
                                                      0.550     7.849 r  DarkEnhance_i/DarkEnhance_0/inst/Rmax/max_layer1_11_carry/CO[3]
                         net (fo=24, routed)          0.934     8.783    DarkEnhance_i/DarkEnhance_0/inst/R_FIFO/mem_u0/p_0_out_inferred__3/i__carry[0]
    SLICE_X5Y6           LUT3 (Prop_lut3_I1_O)        0.153     8.936 f  DarkEnhance_i/DarkEnhance_0/inst/R_FIFO/mem_u0/i__carry_i_9__9/O
                         net (fo=5, routed)           0.859     9.795    DarkEnhance_i/DarkEnhance_0/inst/R_FIFO/mem_u0/Rmax/max_layer1_1__23[6]
    SLICE_X6Y7           LUT6 (Prop_lut6_I1_O)        0.327    10.122 r  DarkEnhance_i/DarkEnhance_0/inst/R_FIFO/mem_u0/i__carry_i_1__13/O
                         net (fo=1, routed)           0.483    10.605    DarkEnhance_i/DarkEnhance_0/inst/Rmax/i__carry_i_9__7_1[3]
    SLICE_X6Y8           CARRY4 (Prop_carry4_DI[3]_CO[3])
                                                      0.396    11.001 r  DarkEnhance_i/DarkEnhance_0/inst/Rmax/p_0_out_inferred__3/i__carry/CO[3]
                         net (fo=8, routed)           0.848    11.849    DarkEnhance_i/DarkEnhance_0/inst/R_FIFO/mem_u0/i__carry_i_9__6_1[0]
    SLICE_X6Y7           LUT6 (Prop_lut6_I5_O)        0.124    11.973 r  DarkEnhance_i/DarkEnhance_0/inst/R_FIFO/mem_u0/i__carry_i_14__5/O
                         net (fo=5, routed)           0.908    12.881    DarkEnhance_i/DarkEnhance_0/inst/R_FIFO/mem_u1/max_layer2_0[3]
    SLICE_X8Y7           LUT4 (Prop_lut4_I1_O)        0.124    13.005 r  DarkEnhance_i/DarkEnhance_0/inst/R_FIFO/mem_u1/max_layer3_01_carry_i_7__1/O
                         net (fo=1, routed)           0.000    13.005    DarkEnhance_i/DarkEnhance_0/inst/Rmax/i__carry_i_9__6_4[1]
    SLICE_X8Y7           CARRY4 (Prop_carry4_S[1]_CO[3])
                                                      0.533    13.538 r  DarkEnhance_i/DarkEnhance_0/inst/Rmax/max_layer3_01_carry/CO[3]
                         net (fo=8, routed)           0.973    14.512    DarkEnhance_i/DarkEnhance_0/inst/R_FIFO/mem_u1/mul_B_reg_i_10_1[0]
    SLICE_X8Y8           LUT6 (Prop_lut6_I4_O)        0.124    14.636 r  DarkEnhance_i/DarkEnhance_0/inst/R_FIFO/mem_u1/i__carry_i_13__4/O
                         net (fo=5, routed)           0.760    15.395    DarkEnhance_i/DarkEnhance_0/inst/R_FIFO/mem_u1/R_max_out[2]
    SLICE_X10Y7          LUT4 (Prop_lut4_I0_O)        0.124    15.519 r  DarkEnhance_i/DarkEnhance_0/inst/R_FIFO/mem_u1/i__carry_i_7__0/O
                         net (fo=1, routed)           0.000    15.519    DarkEnhance_i/DarkEnhance_0/inst/R_FIFO_n_10
    SLICE_X10Y7          CARRY4 (Prop_carry4_S[1]_CO[3])
                                                      0.533    16.052 r  DarkEnhance_i/DarkEnhance_0/inst/p_0_out_inferred__1/i__carry/CO[3]
                         net (fo=8, routed)           1.060    17.112    DarkEnhance_i/DarkEnhance_0/inst/R_FIFO/mem_u1/mul_R_reg_0[0]
    SLICE_X9Y9           LUT6 (Prop_lut6_I5_O)        0.124    17.236 f  DarkEnhance_i/DarkEnhance_0/inst/R_FIFO/mem_u1/mul_B_reg_i_30/O
                         net (fo=25, routed)          0.938    18.173    DarkEnhance_i/DarkEnhance_0/inst/sel[2]
    SLICE_X10Y10         LUT4 (Prop_lut4_I2_O)        0.150    18.323 r  DarkEnhance_i/DarkEnhance_0/inst/mul_B_reg_i_17/O
                         net (fo=1, routed)           0.575    18.898    DarkEnhance_i/DarkEnhance_0/inst/mul_B_reg_i_17_n_0
    SLICE_X11Y9          LUT6 (Prop_lut6_I2_O)        0.328    19.226 r  DarkEnhance_i/DarkEnhance_0/inst/mul_B_reg_i_3/O
                         net (fo=3, routed)           0.684    19.910    DarkEnhance_i/DarkEnhance_0/inst/mul_B_reg_i_3_n_0
    DSP48_X0Y3           DSP48E1                                      r  DarkEnhance_i/DarkEnhance_0/inst/mul_G_reg/A[5]
  -------------------------------------------------------------------    -------------------

                         (clock clk_fpga_0 rise edge)
                                                     20.000    20.000 r  
    PS7_X0Y0             PS7                          0.000    20.000 r  DarkEnhance_i/processing_system7_0/inst/PS7_i/FCLKCLK[0]
                         net (fo=1, routed)           1.088    21.088    DarkEnhance_i/processing_system7_0/inst/FCLK_CLK_unbuffered[0]
    BUFGCTRL_X0Y16       BUFG (Prop_bufg_I_O)         0.091    21.179 r  DarkEnhance_i/processing_system7_0/inst/buffer_fclk_clk_0.FCLK_CLK_0_BUFG/O
                         net (fo=19984, routed)       1.670    22.849    DarkEnhance_i/DarkEnhance_0/inst/clk
    DSP48_X0Y3           DSP48E1                                      r  DarkEnhance_i/DarkEnhance_0/inst/mul_G_reg/CLK
                         clock pessimism              0.129    22.978    
                         clock uncertainty           -0.302    22.676    
    DSP48_X0Y3           DSP48E1 (Setup_dsp48e1_CLK_A[5])
                                                     -0.362    22.314    DarkEnhance_i/DarkEnhance_0/inst/mul_G_reg
  -------------------------------------------------------------------
                         required time                         22.314    
                         arrival time                         -19.910    
  -------------------------------------------------------------------
                         slack                                  2.403    

Slack (MET) :             2.404ns  (required time - arrival time)
  Source:                 DarkEnhance_i/DarkEnhance_0/inst/R_FIFO/mem_u0/mem_reg/CLKBWRCLK
                            (rising edge-triggered cell RAMB18E1 clocked by clk_fpga_0  {rise@0.000ns fall@10.000ns period=20.000ns})
  Destination:            DarkEnhance_i/DarkEnhance_0/inst/mul_B_reg/A[5]
                            (rising edge-triggered cell DSP48E1 clocked by clk_fpga_0  {rise@0.000ns fall@10.000ns period=20.000ns})
  Path Group:             clk_fpga_0
  Path Type:              Setup (Max at Slow Process Corner)
  Requirement:            20.000ns  (clk_fpga_0 rise@20.000ns - clk_fpga_0 rise@0.000ns)
  Data Path Delay:        16.773ns  (logic 4.596ns (27.401%)  route 12.177ns (72.599%))
  Logic Levels:           14  (CARRY4=4 LUT3=1 LUT4=4 LUT6=5)
  Clock Path Skew:        -0.159ns (DCD - SCD + CPR)
    Destination Clock Delay (DCD):    2.850ns = ( 22.850 - 20.000 ) 
    Source Clock Delay      (SCD):    3.137ns
    Clock Pessimism Removal (CPR):    0.129ns
  Clock Uncertainty:      0.302ns  ((TSJ^2 + TIJ^2)^1/2 + DJ) / 2 + PE
    Total System Jitter     (TSJ):    0.071ns
    Total Input Jitter      (TIJ):    0.600ns
    Discrete Jitter          (DJ):    0.000ns
    Phase Error              (PE):    0.000ns

    Location             Delay type                Incr(ns)  Path(ns)    Netlist Resource(s)
  -------------------------------------------------------------------    -------------------
                         (clock clk_fpga_0 rise edge)
                                                      0.000     0.000 r  
    PS7_X0Y0             PS7                          0.000     0.000 r  DarkEnhance_i/processing_system7_0/inst/PS7_i/FCLKCLK[0]
                         net (fo=1, routed)           1.193     1.193    DarkEnhance_i/processing_system7_0/inst/FCLK_CLK_unbuffered[0]
    BUFGCTRL_X0Y16       BUFG (Prop_bufg_I_O)         0.101     1.294 r  DarkEnhance_i/processing_system7_0/inst/buffer_fclk_clk_0.FCLK_CLK_0_BUFG/O
                         net (fo=19984, routed)       1.843     3.137    DarkEnhance_i/DarkEnhance_0/inst/R_FIFO/mem_u0/clk
    RAMB18_X4Y0          RAMB18E1                                     r  DarkEnhance_i/DarkEnhance_0/inst/R_FIFO/mem_u0/mem_reg/CLKBWRCLK
  -------------------------------------------------------------------    -------------------
    RAMB18_X4Y0          RAMB18E1 (Prop_ramb18e1_CLKBWRCLK_DOBDO[3])
                                                      0.882     4.019 r  DarkEnhance_i/DarkEnhance_0/inst/R_FIFO/mem_u0/mem_reg/DOBDO[3]
                         net (fo=8, routed)           3.156     7.175    DarkEnhance_i/DarkEnhance_0/inst/R_FIFO/mem_u0/DOBDO[3]
    SLICE_X7Y6           LUT4 (Prop_lut4_I1_O)        0.124     7.299 r  DarkEnhance_i/DarkEnhance_0/inst/R_FIFO/mem_u0/max_layer1_11_carry_i_7/O
                         net (fo=1, routed)           0.000     7.299    DarkEnhance_i/DarkEnhance_0/inst/Rmax/i__carry_i_8__12_0[1]
    SLICE_X7Y6           CARRY4 (Prop_carry4_S[1]_CO[3])
                                                      0.550     7.849 r  DarkEnhance_i/DarkEnhance_0/inst/Rmax/max_layer1_11_carry/CO[3]
                         net (fo=24, routed)          0.934     8.783    DarkEnhance_i/DarkEnhance_0/inst/R_FIFO/mem_u0/p_0_out_inferred__3/i__carry[0]
    SLICE_X5Y6           LUT3 (Prop_lut3_I1_O)        0.153     8.936 f  DarkEnhance_i/DarkEnhance_0/inst/R_FIFO/mem_u0/i__carry_i_9__9/O
                         net (fo=5, routed)           0.859     9.795    DarkEnhance_i/DarkEnhance_0/inst/R_FIFO/mem_u0/Rmax/max_layer1_1__23[6]
    SLICE_X6Y7           LUT6 (Prop_lut6_I1_O)        0.327    10.122 r  DarkEnhance_i/DarkEnhance_0/inst/R_FIFO/mem_u0/i__carry_i_1__13/O
                         net (fo=1, routed)           0.483    10.605    DarkEnhance_i/DarkEnhance_0/inst/Rmax/i__carry_i_9__7_1[3]
    SLICE_X6Y8           CARRY4 (Prop_carry4_DI[3]_CO[3])
                                                      0.396    11.001 r  DarkEnhance_i/DarkEnhance_0/inst/Rmax/p_0_out_inferred__3/i__carry/CO[3]
                         net (fo=8, routed)           0.848    11.849    DarkEnhance_i/DarkEnhance_0/inst/R_FIFO/mem_u0/i__carry_i_9__6_1[0]
    SLICE_X6Y7           LUT6 (Prop_lut6_I5_O)        0.124    11.973 r  DarkEnhance_i/DarkEnhance_0/inst/R_FIFO/mem_u0/i__carry_i_14__5/O
                         net (fo=5, routed)           0.908    12.881    DarkEnhance_i/DarkEnhance_0/inst/R_FIFO/mem_u1/max_layer2_0[3]
    SLICE_X8Y7           LUT4 (Prop_lut4_I1_O)        0.124    13.005 r  DarkEnhance_i/DarkEnhance_0/inst/R_FIFO/mem_u1/max_layer3_01_carry_i_7__1/O
                         net (fo=1, routed)           0.000    13.005    DarkEnhance_i/DarkEnhance_0/inst/Rmax/i__carry_i_9__6_4[1]
    SLICE_X8Y7           CARRY4 (Prop_carry4_S[1]_CO[3])
                                                      0.533    13.538 r  DarkEnhance_i/DarkEnhance_0/inst/Rmax/max_layer3_01_carry/CO[3]
                         net (fo=8, routed)           0.973    14.512    DarkEnhance_i/DarkEnhance_0/inst/R_FIFO/mem_u1/mul_B_reg_i_10_1[0]
    SLICE_X8Y8           LUT6 (Prop_lut6_I4_O)        0.124    14.636 r  DarkEnhance_i/DarkEnhance_0/inst/R_FIFO/mem_u1/i__carry_i_13__4/O
                         net (fo=5, routed)           0.760    15.395    DarkEnhance_i/DarkEnhance_0/inst/R_FIFO/mem_u1/R_max_out[2]
    SLICE_X10Y7          LUT4 (Prop_lut4_I0_O)        0.124    15.519 r  DarkEnhance_i/DarkEnhance_0/inst/R_FIFO/mem_u1/i__carry_i_7__0/O
                         net (fo=1, routed)           0.000    15.519    DarkEnhance_i/DarkEnhance_0/inst/R_FIFO_n_10
    SLICE_X10Y7          CARRY4 (Prop_carry4_S[1]_CO[3])
                                                      0.533    16.052 r  DarkEnhance_i/DarkEnhance_0/inst/p_0_out_inferred__1/i__carry/CO[3]
                         net (fo=8, routed)           1.060    17.112    DarkEnhance_i/DarkEnhance_0/inst/R_FIFO/mem_u1/mul_R_reg_0[0]
    SLICE_X9Y9           LUT6 (Prop_lut6_I5_O)        0.124    17.236 f  DarkEnhance_i/DarkEnhance_0/inst/R_FIFO/mem_u1/mul_B_reg_i_30/O
                         net (fo=25, routed)          0.938    18.173    DarkEnhance_i/DarkEnhance_0/inst/sel[2]
    SLICE_X10Y10         LUT4 (Prop_lut4_I2_O)        0.150    18.323 r  DarkEnhance_i/DarkEnhance_0/inst/mul_B_reg_i_17/O
                         net (fo=1, routed)           0.575    18.898    DarkEnhance_i/DarkEnhance_0/inst/mul_B_reg_i_17_n_0
    SLICE_X11Y9          LUT6 (Prop_lut6_I2_O)        0.328    19.226 r  DarkEnhance_i/DarkEnhance_0/inst/mul_B_reg_i_3/O
                         net (fo=3, routed)           0.684    19.910    DarkEnhance_i/DarkEnhance_0/inst/mul_B_reg_i_3_n_0
    DSP48_X0Y2           DSP48E1                                      r  DarkEnhance_i/DarkEnhance_0/inst/mul_B_reg/A[5]
  -------------------------------------------------------------------    -------------------

                         (clock clk_fpga_0 rise edge)
                                                     20.000    20.000 r  
    PS7_X0Y0             PS7                          0.000    20.000 r  DarkEnhance_i/processing_system7_0/inst/PS7_i/FCLKCLK[0]
                         net (fo=1, routed)           1.088    21.088    DarkEnhance_i/processing_system7_0/inst/FCLK_CLK_unbuffered[0]
    BUFGCTRL_X0Y16       BUFG (Prop_bufg_I_O)         0.091    21.179 r  DarkEnhance_i/processing_system7_0/inst/buffer_fclk_clk_0.FCLK_CLK_0_BUFG/O
                         net (fo=19984, routed)       1.671    22.850    DarkEnhance_i/DarkEnhance_0/inst/clk
    DSP48_X0Y2           DSP48E1                                      r  DarkEnhance_i/DarkEnhance_0/inst/mul_B_reg/CLK
                         clock pessimism              0.129    22.979    
                         clock uncertainty           -0.302    22.677    
    DSP48_X0Y2           DSP48E1 (Setup_dsp48e1_CLK_A[5])
                                                     -0.362    22.315    DarkEnhance_i/DarkEnhance_0/inst/mul_B_reg
  -------------------------------------------------------------------
                         required time                         22.315    
                         arrival time                         -19.910    
  -------------------------------------------------------------------
                         slack                                  2.404    

Slack (MET) :             2.469ns  (required time - arrival time)
  Source:                 DarkEnhance_i/DarkEnhance_0/inst/R_FIFO/mem_u0/mem_reg/CLKBWRCLK
                            (rising edge-triggered cell RAMB18E1 clocked by clk_fpga_0  {rise@0.000ns fall@10.000ns period=20.000ns})
  Destination:            DarkEnhance_i/DarkEnhance_0/inst/mul_G_reg/A[2]
                            (rising edge-triggered cell DSP48E1 clocked by clk_fpga_0  {rise@0.000ns fall@10.000ns period=20.000ns})
  Path Group:             clk_fpga_0
  Path Type:              Setup (Max at Slow Process Corner)
  Requirement:            20.000ns  (clk_fpga_0 rise@20.000ns - clk_fpga_0 rise@0.000ns)
  Data Path Delay:        16.512ns  (logic 4.539ns (27.489%)  route 11.973ns (72.511%))
  Logic Levels:           15  (CARRY4=4 LUT3=1 LUT4=3 LUT6=5 MUXF7=1 MUXF8=1)
  Clock Path Skew:        -0.160ns (DCD - SCD + CPR)
    Destination Clock Delay (DCD):    2.849ns = ( 22.849 - 20.000 ) 
    Source Clock Delay      (SCD):    3.137ns
    Clock Pessimism Removal (CPR):    0.129ns
  Clock Uncertainty:      0.302ns  ((TSJ^2 + TIJ^2)^1/2 + DJ) / 2 + PE
    Total System Jitter     (TSJ):    0.071ns
    Total Input Jitter      (TIJ):    0.600ns
    Discrete Jitter          (DJ):    0.000ns
    Phase Error              (PE):    0.000ns

    Location             Delay type                Incr(ns)  Path(ns)    Netlist Resource(s)
  -------------------------------------------------------------------    -------------------
                         (clock clk_fpga_0 rise edge)
                                                      0.000     0.000 r  
    PS7_X0Y0             PS7                          0.000     0.000 r  DarkEnhance_i/processing_system7_0/inst/PS7_i/FCLKCLK[0]
                         net (fo=1, routed)           1.193     1.193    DarkEnhance_i/processing_system7_0/inst/FCLK_CLK_unbuffered[0]
    BUFGCTRL_X0Y16       BUFG (Prop_bufg_I_O)         0.101     1.294 r  DarkEnhance_i/processing_system7_0/inst/buffer_fclk_clk_0.FCLK_CLK_0_BUFG/O
                         net (fo=19984, routed)       1.843     3.137    DarkEnhance_i/DarkEnhance_0/inst/R_FIFO/mem_u0/clk
    RAMB18_X4Y0          RAMB18E1                                     r  DarkEnhance_i/DarkEnhance_0/inst/R_FIFO/mem_u0/mem_reg/CLKBWRCLK
  -------------------------------------------------------------------    -------------------
    RAMB18_X4Y0          RAMB18E1 (Prop_ramb18e1_CLKBWRCLK_DOBDO[3])
                                                      0.882     4.019 r  DarkEnhance_i/DarkEnhance_0/inst/R_FIFO/mem_u0/mem_reg/DOBDO[3]
                         net (fo=8, routed)           3.156     7.175    DarkEnhance_i/DarkEnhance_0/inst/R_FIFO/mem_u0/DOBDO[3]
    SLICE_X7Y6           LUT4 (Prop_lut4_I1_O)        0.124     7.299 r  DarkEnhance_i/DarkEnhance_0/inst/R_FIFO/mem_u0/max_layer1_11_carry_i_7/O
                         net (fo=1, routed)           0.000     7.299    DarkEnhance_i/DarkEnhance_0/inst/Rmax/i__carry_i_8__12_0[1]
    SLICE_X7Y6           CARRY4 (Prop_carry4_S[1]_CO[3])
                                                      0.550     7.849 r  DarkEnhance_i/DarkEnhance_0/inst/Rmax/max_layer1_11_carry/CO[3]
                         net (fo=24, routed)          0.934     8.783    DarkEnhance_i/DarkEnhance_0/inst/R_FIFO/mem_u0/p_0_out_inferred__3/i__carry[0]
    SLICE_X5Y6           LUT3 (Prop_lut3_I1_O)        0.153     8.936 f  DarkEnhance_i/DarkEnhance_0/inst/R_FIFO/mem_u0/i__carry_i_9__9/O
                         net (fo=5, routed)           0.859     9.795    DarkEnhance_i/DarkEnhance_0/inst/R_FIFO/mem_u0/Rmax/max_layer1_1__23[6]
    SLICE_X6Y7           LUT6 (Prop_lut6_I1_O)        0.327    10.122 r  DarkEnhance_i/DarkEnhance_0/inst/R_FIFO/mem_u0/i__carry_i_1__13/O
                         net (fo=1, routed)           0.483    10.605    DarkEnhance_i/DarkEnhance_0/inst/Rmax/i__carry_i_9__7_1[3]
    SLICE_X6Y8           CARRY4 (Prop_carry4_DI[3]_CO[3])
                                                      0.396    11.001 r  DarkEnhance_i/DarkEnhance_0/inst/Rmax/p_0_out_inferred__3/i__carry/CO[3]
                         net (fo=8, routed)           0.848    11.849    DarkEnhance_i/DarkEnhance_0/inst/R_FIFO/mem_u0/i__carry_i_9__6_1[0]
    SLICE_X6Y7           LUT6 (Prop_lut6_I5_O)        0.124    11.973 r  DarkEnhance_i/DarkEnhance_0/inst/R_FIFO/mem_u0/i__carry_i_14__5/O
                         net (fo=5, routed)           0.908    12.881    DarkEnhance_i/DarkEnhance_0/inst/R_FIFO/mem_u1/max_layer2_0[3]
    SLICE_X8Y7           LUT4 (Prop_lut4_I1_O)        0.124    13.005 r  DarkEnhance_i/DarkEnhance_0/inst/R_FIFO/mem_u1/max_layer3_01_carry_i_7__1/O
                         net (fo=1, routed)           0.000    13.005    DarkEnhance_i/DarkEnhance_0/inst/Rmax/i__carry_i_9__6_4[1]
    SLICE_X8Y7           CARRY4 (Prop_carry4_S[1]_CO[3])
                                                      0.533    13.538 r  DarkEnhance_i/DarkEnhance_0/inst/Rmax/max_layer3_01_carry/CO[3]
                         net (fo=8, routed)           0.973    14.512    DarkEnhance_i/DarkEnhance_0/inst/R_FIFO/mem_u1/mul_B_reg_i_10_1[0]
    SLICE_X8Y8           LUT6 (Prop_lut6_I4_O)        0.124    14.636 r  DarkEnhance_i/DarkEnhance_0/inst/R_FIFO/mem_u1/i__carry_i_13__4/O
                         net (fo=5, routed)           0.760    15.395    DarkEnhance_i/DarkEnhance_0/inst/R_FIFO/mem_u1/R_max_out[2]
    SLICE_X10Y7          LUT4 (Prop_lut4_I0_O)        0.124    15.519 r  DarkEnhance_i/DarkEnhance_0/inst/R_FIFO/mem_u1/i__carry_i_7__0/O
                         net (fo=1, routed)           0.000    15.519    DarkEnhance_i/DarkEnhance_0/inst/R_FIFO_n_10
    SLICE_X10Y7          CARRY4 (Prop_carry4_S[1]_CO[3])
                                                      0.533    16.052 r  DarkEnhance_i/DarkEnhance_0/inst/p_0_out_inferred__1/i__carry/CO[3]
                         net (fo=8, routed)           1.076    17.128    DarkEnhance_i/DarkEnhance_0/inst/R_FIFO/mem_u1/mul_R_reg_0[0]
    SLICE_X9Y9           LUT6 (Prop_lut6_I5_O)        0.124    17.252 r  DarkEnhance_i/DarkEnhance_0/inst/R_FIFO/mem_u1/mul_B_reg_i_13/O
                         net (fo=24, routed)          1.188    18.440    DarkEnhance_i/DarkEnhance_0/inst/sel[5]
    SLICE_X10Y11         LUT6 (Prop_lut6_I0_O)        0.124    18.564 r  DarkEnhance_i/DarkEnhance_0/inst/mul_B_reg_i_40/O
                         net (fo=1, routed)           0.000    18.564    DarkEnhance_i/DarkEnhance_0/inst/mul_B_reg_i_40_n_0
    SLICE_X10Y11         MUXF7 (Prop_muxf7_I0_O)      0.209    18.773 r  DarkEnhance_i/DarkEnhance_0/inst/mul_B_reg_i_25/O
                         net (fo=1, routed)           0.000    18.773    DarkEnhance_i/DarkEnhance_0/inst/mul_B_reg_i_25_n_0
    SLICE_X10Y11         MUXF8 (Prop_muxf8_I1_O)      0.088    18.861 r  DarkEnhance_i/DarkEnhance_0/inst/mul_B_reg_i_6/O
                         net (fo=3, routed)           0.789    19.650    DarkEnhance_i/DarkEnhance_0/inst/mul_B_reg_i_6_n_0
    DSP48_X0Y3           DSP48E1                                      r  DarkEnhance_i/DarkEnhance_0/inst/mul_G_reg/A[2]
  -------------------------------------------------------------------    -------------------

                         (clock clk_fpga_0 rise edge)
                                                     20.000    20.000 r  
    PS7_X0Y0             PS7                          0.000    20.000 r  DarkEnhance_i/processing_system7_0/inst/PS7_i/FCLKCLK[0]
                         net (fo=1, routed)           1.088    21.088    DarkEnhance_i/processing_system7_0/inst/FCLK_CLK_unbuffered[0]
    BUFGCTRL_X0Y16       BUFG (Prop_bufg_I_O)         0.091    21.179 r  DarkEnhance_i/processing_system7_0/inst/buffer_fclk_clk_0.FCLK_CLK_0_BUFG/O
                         net (fo=19984, routed)       1.670    22.849    DarkEnhance_i/DarkEnhance_0/inst/clk
    DSP48_X0Y3           DSP48E1                                      r  DarkEnhance_i/DarkEnhance_0/inst/mul_G_reg/CLK
                         clock pessimism              0.129    22.978    
                         clock uncertainty           -0.302    22.676    
    DSP48_X0Y3           DSP48E1 (Setup_dsp48e1_CLK_A[2])
                                                     -0.557    22.119    DarkEnhance_i/DarkEnhance_0/inst/mul_G_reg
  -------------------------------------------------------------------
                         required time                         22.119    
                         arrival time                         -19.650    
  -------------------------------------------------------------------
                         slack                                  2.469    

Slack (MET) :             2.470ns  (required time - arrival time)
  Source:                 DarkEnhance_i/DarkEnhance_0/inst/R_FIFO/mem_u0/mem_reg/CLKBWRCLK
                            (rising edge-triggered cell RAMB18E1 clocked by clk_fpga_0  {rise@0.000ns fall@10.000ns period=20.000ns})
  Destination:            DarkEnhance_i/DarkEnhance_0/inst/mul_B_reg/A[2]
                            (rising edge-triggered cell DSP48E1 clocked by clk_fpga_0  {rise@0.000ns fall@10.000ns period=20.000ns})
  Path Group:             clk_fpga_0
  Path Type:              Setup (Max at Slow Process Corner)
  Requirement:            20.000ns  (clk_fpga_0 rise@20.000ns - clk_fpga_0 rise@0.000ns)
  Data Path Delay:        16.512ns  (logic 4.539ns (27.489%)  route 11.973ns (72.511%))
  Logic Levels:           15  (CARRY4=4 LUT3=1 LUT4=3 LUT6=5 MUXF7=1 MUXF8=1)
  Clock Path Skew:        -0.159ns (DCD - SCD + CPR)
    Destination Clock Delay (DCD):    2.850ns = ( 22.850 - 20.000 ) 
    Source Clock Delay      (SCD):    3.137ns
    Clock Pessimism Removal (CPR):    0.129ns
  Clock Uncertainty:      0.302ns  ((TSJ^2 + TIJ^2)^1/2 + DJ) / 2 + PE
    Total System Jitter     (TSJ):    0.071ns
    Total Input Jitter      (TIJ):    0.600ns
    Discrete Jitter          (DJ):    0.000ns
    Phase Error              (PE):    0.000ns

    Location             Delay type                Incr(ns)  Path(ns)    Netlist Resource(s)
  -------------------------------------------------------------------    -------------------
                         (clock clk_fpga_0 rise edge)
                                                      0.000     0.000 r  
    PS7_X0Y0             PS7                          0.000     0.000 r  DarkEnhance_i/processing_system7_0/inst/PS7_i/FCLKCLK[0]
                         net (fo=1, routed)           1.193     1.193    DarkEnhance_i/processing_system7_0/inst/FCLK_CLK_unbuffered[0]
    BUFGCTRL_X0Y16       BUFG (Prop_bufg_I_O)         0.101     1.294 r  DarkEnhance_i/processing_system7_0/inst/buffer_fclk_clk_0.FCLK_CLK_0_BUFG/O
                         net (fo=19984, routed)       1.843     3.137    DarkEnhance_i/DarkEnhance_0/inst/R_FIFO/mem_u0/clk
    RAMB18_X4Y0          RAMB18E1                                     r  DarkEnhance_i/DarkEnhance_0/inst/R_FIFO/mem_u0/mem_reg/CLKBWRCLK
  -------------------------------------------------------------------    -------------------
    RAMB18_X4Y0          RAMB18E1 (Prop_ramb18e1_CLKBWRCLK_DOBDO[3])
                                                      0.882     4.019 r  DarkEnhance_i/DarkEnhance_0/inst/R_FIFO/mem_u0/mem_reg/DOBDO[3]
                         net (fo=8, routed)           3.156     7.175    DarkEnhance_i/DarkEnhance_0/inst/R_FIFO/mem_u0/DOBDO[3]
    SLICE_X7Y6           LUT4 (Prop_lut4_I1_O)        0.124     7.299 r  DarkEnhance_i/DarkEnhance_0/inst/R_FIFO/mem_u0/max_layer1_11_carry_i_7/O
                         net (fo=1, routed)           0.000     7.299    DarkEnhance_i/DarkEnhance_0/inst/Rmax/i__carry_i_8__12_0[1]
    SLICE_X7Y6           CARRY4 (Prop_carry4_S[1]_CO[3])
                                                      0.550     7.849 r  DarkEnhance_i/DarkEnhance_0/inst/Rmax/max_layer1_11_carry/CO[3]
                         net (fo=24, routed)          0.934     8.783    DarkEnhance_i/DarkEnhance_0/inst/R_FIFO/mem_u0/p_0_out_inferred__3/i__carry[0]
    SLICE_X5Y6           LUT3 (Prop_lut3_I1_O)        0.153     8.936 f  DarkEnhance_i/DarkEnhance_0/inst/R_FIFO/mem_u0/i__carry_i_9__9/O
                         net (fo=5, routed)           0.859     9.795    DarkEnhance_i/DarkEnhance_0/inst/R_FIFO/mem_u0/Rmax/max_layer1_1__23[6]
    SLICE_X6Y7           LUT6 (Prop_lut6_I1_O)        0.327    10.122 r  DarkEnhance_i/DarkEnhance_0/inst/R_FIFO/mem_u0/i__carry_i_1__13/O
                         net (fo=1, routed)           0.483    10.605    DarkEnhance_i/DarkEnhance_0/inst/Rmax/i__carry_i_9__7_1[3]
    SLICE_X6Y8           CARRY4 (Prop_carry4_DI[3]_CO[3])
                                                      0.396    11.001 r  DarkEnhance_i/DarkEnhance_0/inst/Rmax/p_0_out_inferred__3/i__carry/CO[3]
                         net (fo=8, routed)           0.848    11.849    DarkEnhance_i/DarkEnhance_0/inst/R_FIFO/mem_u0/i__carry_i_9__6_1[0]
    SLICE_X6Y7           LUT6 (Prop_lut6_I5_O)        0.124    11.973 r  DarkEnhance_i/DarkEnhance_0/inst/R_FIFO/mem_u0/i__carry_i_14__5/O
                         net (fo=5, routed)           0.908    12.881    DarkEnhance_i/DarkEnhance_0/inst/R_FIFO/mem_u1/max_layer2_0[3]
    SLICE_X8Y7           LUT4 (Prop_lut4_I1_O)        0.124    13.005 r  DarkEnhance_i/DarkEnhance_0/inst/R_FIFO/mem_u1/max_layer3_01_carry_i_7__1/O
                         net (fo=1, routed)           0.000    13.005    DarkEnhance_i/DarkEnhance_0/inst/Rmax/i__carry_i_9__6_4[1]
    SLICE_X8Y7           CARRY4 (Prop_carry4_S[1]_CO[3])
                                                      0.533    13.538 r  DarkEnhance_i/DarkEnhance_0/inst/Rmax/max_layer3_01_carry/CO[3]
                         net (fo=8, routed)           0.973    14.512    DarkEnhance_i/DarkEnhance_0/inst/R_FIFO/mem_u1/mul_B_reg_i_10_1[0]
    SLICE_X8Y8           LUT6 (Prop_lut6_I4_O)        0.124    14.636 r  DarkEnhance_i/DarkEnhance_0/inst/R_FIFO/mem_u1/i__carry_i_13__4/O
                         net (fo=5, routed)           0.760    15.395    DarkEnhance_i/DarkEnhance_0/inst/R_FIFO/mem_u1/R_max_out[2]
    SLICE_X10Y7          LUT4 (Prop_lut4_I0_O)        0.124    15.519 r  DarkEnhance_i/DarkEnhance_0/inst/R_FIFO/mem_u1/i__carry_i_7__0/O
                         net (fo=1, routed)           0.000    15.519    DarkEnhance_i/DarkEnhance_0/inst/R_FIFO_n_10
    SLICE_X10Y7          CARRY4 (Prop_carry4_S[1]_CO[3])
                                                      0.533    16.052 r  DarkEnhance_i/DarkEnhance_0/inst/p_0_out_inferred__1/i__carry/CO[3]
                         net (fo=8, routed)           1.076    17.128    DarkEnhance_i/DarkEnhance_0/inst/R_FIFO/mem_u1/mul_R_reg_0[0]
    SLICE_X9Y9           LUT6 (Prop_lut6_I5_O)        0.124    17.252 r  DarkEnhance_i/DarkEnhance_0/inst/R_FIFO/mem_u1/mul_B_reg_i_13/O
                         net (fo=24, routed)          1.188    18.440    DarkEnhance_i/DarkEnhance_0/inst/sel[5]
    SLICE_X10Y11         LUT6 (Prop_lut6_I0_O)        0.124    18.564 r  DarkEnhance_i/DarkEnhance_0/inst/mul_B_reg_i_40/O
                         net (fo=1, routed)           0.000    18.564    DarkEnhance_i/DarkEnhance_0/inst/mul_B_reg_i_40_n_0
    SLICE_X10Y11         MUXF7 (Prop_muxf7_I0_O)      0.209    18.773 r  DarkEnhance_i/DarkEnhance_0/inst/mul_B_reg_i_25/O
                         net (fo=1, routed)           0.000    18.773    DarkEnhance_i/DarkEnhance_0/inst/mul_B_reg_i_25_n_0
    SLICE_X10Y11         MUXF8 (Prop_muxf8_I1_O)      0.088    18.861 r  DarkEnhance_i/DarkEnhance_0/inst/mul_B_reg_i_6/O
                         net (fo=3, routed)           0.789    19.650    DarkEnhance_i/DarkEnhance_0/inst/mul_B_reg_i_6_n_0
    DSP48_X0Y2           DSP48E1                                      r  DarkEnhance_i/DarkEnhance_0/inst/mul_B_reg/A[2]
  -------------------------------------------------------------------    -------------------

                         (clock clk_fpga_0 rise edge)
                                                     20.000    20.000 r  
    PS7_X0Y0             PS7                          0.000    20.000 r  DarkEnhance_i/processing_system7_0/inst/PS7_i/FCLKCLK[0]
                         net (fo=1, routed)           1.088    21.088    DarkEnhance_i/processing_system7_0/inst/FCLK_CLK_unbuffered[0]
    BUFGCTRL_X0Y16       BUFG (Prop_bufg_I_O)         0.091    21.179 r  DarkEnhance_i/processing_system7_0/inst/buffer_fclk_clk_0.FCLK_CLK_0_BUFG/O
                         net (fo=19984, routed)       1.671    22.850    DarkEnhance_i/DarkEnhance_0/inst/clk
    DSP48_X0Y2           DSP48E1                                      r  DarkEnhance_i/DarkEnhance_0/inst/mul_B_reg/CLK
                         clock pessimism              0.129    22.979    
                         clock uncertainty           -0.302    22.677    
    DSP48_X0Y2           DSP48E1 (Setup_dsp48e1_CLK_A[2])
                                                     -0.557    22.120    DarkEnhance_i/DarkEnhance_0/inst/mul_B_reg
  -------------------------------------------------------------------
                         required time                         22.120    
                         arrival time                         -19.650    
  -------------------------------------------------------------------
                         slack                                  2.470    

Slack (MET) :             2.502ns  (required time - arrival time)
  Source:                 DarkEnhance_i/DarkEnhance_0/inst/R_FIFO/mem_u0/mem_reg/CLKBWRCLK
                            (rising edge-triggered cell RAMB18E1 clocked by clk_fpga_0  {rise@0.000ns fall@10.000ns period=20.000ns})
  Destination:            DarkEnhance_i/DarkEnhance_0/inst/mul_G_reg/A[3]
                            (rising edge-triggered cell DSP48E1 clocked by clk_fpga_0  {rise@0.000ns fall@10.000ns period=20.000ns})
  Path Group:             clk_fpga_0
  Path Type:              Setup (Max at Slow Process Corner)
  Requirement:            20.000ns  (clk_fpga_0 rise@20.000ns - clk_fpga_0 rise@0.000ns)
  Data Path Delay:        16.482ns  (logic 4.548ns (27.593%)  route 11.934ns (72.407%))
  Logic Levels:           15  (CARRY4=4 LUT3=1 LUT4=3 LUT6=5 MUXF7=1 MUXF8=1)
  Clock Path Skew:        -0.160ns (DCD - SCD + CPR)
    Destination Clock Delay (DCD):    2.849ns = ( 22.849 - 20.000 ) 
    Source Clock Delay      (SCD):    3.137ns
    Clock Pessimism Removal (CPR):    0.129ns
  Clock Uncertainty:      0.302ns  ((TSJ^2 + TIJ^2)^1/2 + DJ) / 2 + PE
    Total System Jitter     (TSJ):    0.071ns
    Total Input Jitter      (TIJ):    0.600ns
    Discrete Jitter          (DJ):    0.000ns
    Phase Error              (PE):    0.000ns

    Location             Delay type                Incr(ns)  Path(ns)    Netlist Resource(s)
  -------------------------------------------------------------------    -------------------
                         (clock clk_fpga_0 rise edge)
                                                      0.000     0.000 r  
    PS7_X0Y0             PS7                          0.000     0.000 r  DarkEnhance_i/processing_system7_0/inst/PS7_i/FCLKCLK[0]
                         net (fo=1, routed)           1.193     1.193    DarkEnhance_i/processing_system7_0/inst/FCLK_CLK_unbuffered[0]
    BUFGCTRL_X0Y16       BUFG (Prop_bufg_I_O)         0.101     1.294 r  DarkEnhance_i/processing_system7_0/inst/buffer_fclk_clk_0.FCLK_CLK_0_BUFG/O
                         net (fo=19984, routed)       1.843     3.137    DarkEnhance_i/DarkEnhance_0/inst/R_FIFO/mem_u0/clk
    RAMB18_X4Y0          RAMB18E1                                     r  DarkEnhance_i/DarkEnhance_0/inst/R_FIFO/mem_u0/mem_reg/CLKBWRCLK
  -------------------------------------------------------------------    -------------------
    RAMB18_X4Y0          RAMB18E1 (Prop_ramb18e1_CLKBWRCLK_DOBDO[3])
                                                      0.882     4.019 r  DarkEnhance_i/DarkEnhance_0/inst/R_FIFO/mem_u0/mem_reg/DOBDO[3]
                         net (fo=8, routed)           3.156     7.175    DarkEnhance_i/DarkEnhance_0/inst/R_FIFO/mem_u0/DOBDO[3]
    SLICE_X7Y6           LUT4 (Prop_lut4_I1_O)        0.124     7.299 r  DarkEnhance_i/DarkEnhance_0/inst/R_FIFO/mem_u0/max_layer1_11_carry_i_7/O
                         net (fo=1, routed)           0.000     7.299    DarkEnhance_i/DarkEnhance_0/inst/Rmax/i__carry_i_8__12_0[1]
    SLICE_X7Y6           CARRY4 (Prop_carry4_S[1]_CO[3])
                                                      0.550     7.849 r  DarkEnhance_i/DarkEnhance_0/inst/Rmax/max_layer1_11_carry/CO[3]
                         net (fo=24, routed)          0.934     8.783    DarkEnhance_i/DarkEnhance_0/inst/R_FIFO/mem_u0/p_0_out_inferred__3/i__carry[0]
    SLICE_X5Y6           LUT3 (Prop_lut3_I1_O)        0.153     8.936 f  DarkEnhance_i/DarkEnhance_0/inst/R_FIFO/mem_u0/i__carry_i_9__9/O
                         net (fo=5, routed)           0.859     9.795    DarkEnhance_i/DarkEnhance_0/inst/R_FIFO/mem_u0/Rmax/max_layer1_1__23[6]
    SLICE_X6Y7           LUT6 (Prop_lut6_I1_O)        0.327    10.122 r  DarkEnhance_i/DarkEnhance_0/inst/R_FIFO/mem_u0/i__carry_i_1__13/O
                         net (fo=1, routed)           0.483    10.605    DarkEnhance_i/DarkEnhance_0/inst/Rmax/i__carry_i_9__7_1[3]
    SLICE_X6Y8           CARRY4 (Prop_carry4_DI[3]_CO[3])
                                                      0.396    11.001 r  DarkEnhance_i/DarkEnhance_0/inst/Rmax/p_0_out_inferred__3/i__carry/CO[3]
                         net (fo=8, routed)           0.848    11.849    DarkEnhance_i/DarkEnhance_0/inst/R_FIFO/mem_u0/i__carry_i_9__6_1[0]
    SLICE_X6Y7           LUT6 (Prop_lut6_I5_O)        0.124    11.973 r  DarkEnhance_i/DarkEnhance_0/inst/R_FIFO/mem_u0/i__carry_i_14__5/O
                         net (fo=5, routed)           0.908    12.881    DarkEnhance_i/DarkEnhance_0/inst/R_FIFO/mem_u1/max_layer2_0[3]
    SLICE_X8Y7           LUT4 (Prop_lut4_I1_O)        0.124    13.005 r  DarkEnhance_i/DarkEnhance_0/inst/R_FIFO/mem_u1/max_layer3_01_carry_i_7__1/O
                         net (fo=1, routed)           0.000    13.005    DarkEnhance_i/DarkEnhance_0/inst/Rmax/i__carry_i_9__6_4[1]
    SLICE_X8Y7           CARRY4 (Prop_carry4_S[1]_CO[3])
                                                      0.533    13.538 r  DarkEnhance_i/DarkEnhance_0/inst/Rmax/max_layer3_01_carry/CO[3]
                         net (fo=8, routed)           0.973    14.512    DarkEnhance_i/DarkEnhance_0/inst/R_FIFO/mem_u1/mul_B_reg_i_10_1[0]
    SLICE_X8Y8           LUT6 (Prop_lut6_I4_O)        0.124    14.636 r  DarkEnhance_i/DarkEnhance_0/inst/R_FIFO/mem_u1/i__carry_i_13__4/O
                         net (fo=5, routed)           0.760    15.395    DarkEnhance_i/DarkEnhance_0/inst/R_FIFO/mem_u1/R_max_out[2]
    SLICE_X10Y7          LUT4 (Prop_lut4_I0_O)        0.124    15.519 r  DarkEnhance_i/DarkEnhance_0/inst/R_FIFO/mem_u1/i__carry_i_7__0/O
                         net (fo=1, routed)           0.000    15.519    DarkEnhance_i/DarkEnhance_0/inst/R_FIFO_n_10
    SLICE_X10Y7          CARRY4 (Prop_carry4_S[1]_CO[3])
                                                      0.533    16.052 r  DarkEnhance_i/DarkEnhance_0/inst/p_0_out_inferred__1/i__carry/CO[3]
                         net (fo=8, routed)           1.076    17.128    DarkEnhance_i/DarkEnhance_0/inst/R_FIFO/mem_u1/mul_R_reg_0[0]
    SLICE_X9Y9           LUT6 (Prop_lut6_I5_O)        0.124    17.252 r  DarkEnhance_i/DarkEnhance_0/inst/R_FIFO/mem_u1/mul_B_reg_i_13/O
                         net (fo=24, routed)          1.185    18.437    DarkEnhance_i/DarkEnhance_0/inst/sel[5]
    SLICE_X11Y11         LUT6 (Prop_lut6_I0_O)        0.124    18.561 r  DarkEnhance_i/DarkEnhance_0/inst/mul_B_reg_i_36/O
                         net (fo=1, routed)           0.000    18.561    DarkEnhance_i/DarkEnhance_0/inst/mul_B_reg_i_36_n_0
    SLICE_X11Y11         MUXF7 (Prop_muxf7_I0_O)      0.212    18.773 r  DarkEnhance_i/DarkEnhance_0/inst/mul_B_reg_i_23/O
                         net (fo=1, routed)           0.000    18.773    DarkEnhance_i/DarkEnhance_0/inst/mul_B_reg_i_23_n_0
    SLICE_X11Y11         MUXF8 (Prop_muxf8_I1_O)      0.094    18.867 r  DarkEnhance_i/DarkEnhance_0/inst/mul_B_reg_i_5/O
                         net (fo=3, routed)           0.753    19.620    DarkEnhance_i/DarkEnhance_0/inst/mul_B_reg_i_5_n_0
    DSP48_X0Y3           DSP48E1                                      r  DarkEnhance_i/DarkEnhance_0/inst/mul_G_reg/A[3]
  -------------------------------------------------------------------    -------------------

                         (clock clk_fpga_0 rise edge)
                                                     20.000    20.000 r  
    PS7_X0Y0             PS7                          0.000    20.000 r  DarkEnhance_i/processing_system7_0/inst/PS7_i/FCLKCLK[0]
                         net (fo=1, routed)           1.088    21.088    DarkEnhance_i/processing_system7_0/inst/FCLK_CLK_unbuffered[0]
    BUFGCTRL_X0Y16       BUFG (Prop_bufg_I_O)         0.091    21.179 r  DarkEnhance_i/processing_system7_0/inst/buffer_fclk_clk_0.FCLK_CLK_0_BUFG/O
                         net (fo=19984, routed)       1.670    22.849    DarkEnhance_i/DarkEnhance_0/inst/clk
    DSP48_X0Y3           DSP48E1                                      r  DarkEnhance_i/DarkEnhance_0/inst/mul_G_reg/CLK
                         clock pessimism              0.129    22.978    
                         clock uncertainty           -0.302    22.676    
    DSP48_X0Y3           DSP48E1 (Setup_dsp48e1_CLK_A[3])
                                                     -0.554    22.122    DarkEnhance_i/DarkEnhance_0/inst/mul_G_reg
  -------------------------------------------------------------------
                         required time                         22.122    
                         arrival time                         -19.620    
  -------------------------------------------------------------------
                         slack                                  2.502    

Slack (MET) :             2.503ns  (required time - arrival time)
  Source:                 DarkEnhance_i/DarkEnhance_0/inst/R_FIFO/mem_u0/mem_reg/CLKBWRCLK
                            (rising edge-triggered cell RAMB18E1 clocked by clk_fpga_0  {rise@0.000ns fall@10.000ns period=20.000ns})
  Destination:            DarkEnhance_i/DarkEnhance_0/inst/mul_B_reg/A[3]
                            (rising edge-triggered cell DSP48E1 clocked by clk_fpga_0  {rise@0.000ns fall@10.000ns period=20.000ns})
  Path Group:             clk_fpga_0
  Path Type:              Setup (Max at Slow Process Corner)
  Requirement:            20.000ns  (clk_fpga_0 rise@20.000ns - clk_fpga_0 rise@0.000ns)
  Data Path Delay:        16.482ns  (logic 4.548ns (27.593%)  route 11.934ns (72.407%))
  Logic Levels:           15  (CARRY4=4 LUT3=1 LUT4=3 LUT6=5 MUXF7=1 MUXF8=1)
  Clock Path Skew:        -0.159ns (DCD - SCD + CPR)
    Destination Clock Delay (DCD):    2.850ns = ( 22.850 - 20.000 ) 
    Source Clock Delay      (SCD):    3.137ns
    Clock Pessimism Removal (CPR):    0.129ns
  Clock Uncertainty:      0.302ns  ((TSJ^2 + TIJ^2)^1/2 + DJ) / 2 + PE
    Total System Jitter     (TSJ):    0.071ns
    Total Input Jitter      (TIJ):    0.600ns
    Discrete Jitter          (DJ):    0.000ns
    Phase Error              (PE):    0.000ns

    Location             Delay type                Incr(ns)  Path(ns)    Netlist Resource(s)
  -------------------------------------------------------------------    -------------------
                         (clock clk_fpga_0 rise edge)
                                                      0.000     0.000 r  
    PS7_X0Y0             PS7                          0.000     0.000 r  DarkEnhance_i/processing_system7_0/inst/PS7_i/FCLKCLK[0]
                         net (fo=1, routed)           1.193     1.193    DarkEnhance_i/processing_system7_0/inst/FCLK_CLK_unbuffered[0]
    BUFGCTRL_X0Y16       BUFG (Prop_bufg_I_O)         0.101     1.294 r  DarkEnhance_i/processing_system7_0/inst/buffer_fclk_clk_0.FCLK_CLK_0_BUFG/O
                         net (fo=19984, routed)       1.843     3.137    DarkEnhance_i/DarkEnhance_0/inst/R_FIFO/mem_u0/clk
    RAMB18_X4Y0          RAMB18E1                                     r  DarkEnhance_i/DarkEnhance_0/inst/R_FIFO/mem_u0/mem_reg/CLKBWRCLK
  -------------------------------------------------------------------    -------------------
    RAMB18_X4Y0          RAMB18E1 (Prop_ramb18e1_CLKBWRCLK_DOBDO[3])
                                                      0.882     4.019 r  DarkEnhance_i/DarkEnhance_0/inst/R_FIFO/mem_u0/mem_reg/DOBDO[3]
                         net (fo=8, routed)           3.156     7.175    DarkEnhance_i/DarkEnhance_0/inst/R_FIFO/mem_u0/DOBDO[3]
    SLICE_X7Y6           LUT4 (Prop_lut4_I1_O)        0.124     7.299 r  DarkEnhance_i/DarkEnhance_0/inst/R_FIFO/mem_u0/max_layer1_11_carry_i_7/O
                         net (fo=1, routed)           0.000     7.299    DarkEnhance_i/DarkEnhance_0/inst/Rmax/i__carry_i_8__12_0[1]
    SLICE_X7Y6           CARRY4 (Prop_carry4_S[1]_CO[3])
                                                      0.550     7.849 r  DarkEnhance_i/DarkEnhance_0/inst/Rmax/max_layer1_11_carry/CO[3]
                         net (fo=24, routed)          0.934     8.783    DarkEnhance_i/DarkEnhance_0/inst/R_FIFO/mem_u0/p_0_out_inferred__3/i__carry[0]
    SLICE_X5Y6           LUT3 (Prop_lut3_I1_O)        0.153     8.936 f  DarkEnhance_i/DarkEnhance_0/inst/R_FIFO/mem_u0/i__carry_i_9__9/O
                         net (fo=5, routed)           0.859     9.795    DarkEnhance_i/DarkEnhance_0/inst/R_FIFO/mem_u0/Rmax/max_layer1_1__23[6]
    SLICE_X6Y7           LUT6 (Prop_lut6_I1_O)        0.327    10.122 r  DarkEnhance_i/DarkEnhance_0/inst/R_FIFO/mem_u0/i__carry_i_1__13/O
                         net (fo=1, routed)           0.483    10.605    DarkEnhance_i/DarkEnhance_0/inst/Rmax/i__carry_i_9__7_1[3]
    SLICE_X6Y8           CARRY4 (Prop_carry4_DI[3]_CO[3])
                                                      0.396    11.001 r  DarkEnhance_i/DarkEnhance_0/inst/Rmax/p_0_out_inferred__3/i__carry/CO[3]
                         net (fo=8, routed)           0.848    11.849    DarkEnhance_i/DarkEnhance_0/inst/R_FIFO/mem_u0/i__carry_i_9__6_1[0]
    SLICE_X6Y7           LUT6 (Prop_lut6_I5_O)        0.124    11.973 r  DarkEnhance_i/DarkEnhance_0/inst/R_FIFO/mem_u0/i__carry_i_14__5/O
                         net (fo=5, routed)           0.908    12.881    DarkEnhance_i/DarkEnhance_0/inst/R_FIFO/mem_u1/max_layer2_0[3]
    SLICE_X8Y7           LUT4 (Prop_lut4_I1_O)        0.124    13.005 r  DarkEnhance_i/DarkEnhance_0/inst/R_FIFO/mem_u1/max_layer3_01_carry_i_7__1/O
                         net (fo=1, routed)           0.000    13.005    DarkEnhance_i/DarkEnhance_0/inst/Rmax/i__carry_i_9__6_4[1]
    SLICE_X8Y7           CARRY4 (Prop_carry4_S[1]_CO[3])
                                                      0.533    13.538 r  DarkEnhance_i/DarkEnhance_0/inst/Rmax/max_layer3_01_carry/CO[3]
                         net (fo=8, routed)           0.973    14.512    DarkEnhance_i/DarkEnhance_0/inst/R_FIFO/mem_u1/mul_B_reg_i_10_1[0]
    SLICE_X8Y8           LUT6 (Prop_lut6_I4_O)        0.124    14.636 r  DarkEnhance_i/DarkEnhance_0/inst/R_FIFO/mem_u1/i__carry_i_13__4/O
                         net (fo=5, routed)           0.760    15.395    DarkEnhance_i/DarkEnhance_0/inst/R_FIFO/mem_u1/R_max_out[2]
    SLICE_X10Y7          LUT4 (Prop_lut4_I0_O)        0.124    15.519 r  DarkEnhance_i/DarkEnhance_0/inst/R_FIFO/mem_u1/i__carry_i_7__0/O
                         net (fo=1, routed)           0.000    15.519    DarkEnhance_i/DarkEnhance_0/inst/R_FIFO_n_10
    SLICE_X10Y7          CARRY4 (Prop_carry4_S[1]_CO[3])
                                                      0.533    16.052 r  DarkEnhance_i/DarkEnhance_0/inst/p_0_out_inferred__1/i__carry/CO[3]
                         net (fo=8, routed)           1.076    17.128    DarkEnhance_i/DarkEnhance_0/inst/R_FIFO/mem_u1/mul_R_reg_0[0]
    SLICE_X9Y9           LUT6 (Prop_lut6_I5_O)        0.124    17.252 r  DarkEnhance_i/DarkEnhance_0/inst/R_FIFO/mem_u1/mul_B_reg_i_13/O
                         net (fo=24, routed)          1.185    18.437    DarkEnhance_i/DarkEnhance_0/inst/sel[5]
    SLICE_X11Y11         LUT6 (Prop_lut6_I0_O)        0.124    18.561 r  DarkEnhance_i/DarkEnhance_0/inst/mul_B_reg_i_36/O
                         net (fo=1, routed)           0.000    18.561    DarkEnhance_i/DarkEnhance_0/inst/mul_B_reg_i_36_n_0
    SLICE_X11Y11         MUXF7 (Prop_muxf7_I0_O)      0.212    18.773 r  DarkEnhance_i/DarkEnhance_0/inst/mul_B_reg_i_23/O
                         net (fo=1, routed)           0.000    18.773    DarkEnhance_i/DarkEnhance_0/inst/mul_B_reg_i_23_n_0
    SLICE_X11Y11         MUXF8 (Prop_muxf8_I1_O)      0.094    18.867 r  DarkEnhance_i/DarkEnhance_0/inst/mul_B_reg_i_5/O
                         net (fo=3, routed)           0.753    19.620    DarkEnhance_i/DarkEnhance_0/inst/mul_B_reg_i_5_n_0
    DSP48_X0Y2           DSP48E1                                      r  DarkEnhance_i/DarkEnhance_0/inst/mul_B_reg/A[3]
  -------------------------------------------------------------------    -------------------

                         (clock clk_fpga_0 rise edge)
                                                     20.000    20.000 r  
    PS7_X0Y0             PS7                          0.000    20.000 r  DarkEnhance_i/processing_system7_0/inst/PS7_i/FCLKCLK[0]
                         net (fo=1, routed)           1.088    21.088    DarkEnhance_i/processing_system7_0/inst/FCLK_CLK_unbuffered[0]
    BUFGCTRL_X0Y16       BUFG (Prop_bufg_I_O)         0.091    21.179 r  DarkEnhance_i/processing_system7_0/inst/buffer_fclk_clk_0.FCLK_CLK_0_BUFG/O
                         net (fo=19984, routed)       1.671    22.850    DarkEnhance_i/DarkEnhance_0/inst/clk
    DSP48_X0Y2           DSP48E1                                      r  DarkEnhance_i/DarkEnhance_0/inst/mul_B_reg/CLK
                         clock pessimism              0.129    22.979    
                         clock uncertainty           -0.302    22.677    
    DSP48_X0Y2           DSP48E1 (Setup_dsp48e1_CLK_A[3])
                                                     -0.554    22.123    DarkEnhance_i/DarkEnhance_0/inst/mul_B_reg
  -------------------------------------------------------------------
                         required time                         22.123    
                         arrival time                         -19.620    
  -------------------------------------------------------------------
                         slack                                  2.503    

Slack (MET) :             2.508ns  (required time - arrival time)
  Source:                 DarkEnhance_i/DarkEnhance_0/inst/R_FIFO/mem_u0/mem_reg/CLKBWRCLK
                            (rising edge-triggered cell RAMB18E1 clocked by clk_fpga_0  {rise@0.000ns fall@10.000ns period=20.000ns})
  Destination:            DarkEnhance_i/DarkEnhance_0/inst/mul_G_reg/A[4]
                            (rising edge-triggered cell DSP48E1 clocked by clk_fpga_0  {rise@0.000ns fall@10.000ns period=20.000ns})
  Path Group:             clk_fpga_0
  Path Type:              Setup (Max at Slow Process Corner)
  Requirement:            20.000ns  (clk_fpga_0 rise@20.000ns - clk_fpga_0 rise@0.000ns)
  Data Path Delay:        16.668ns  (logic 4.366ns (26.193%)  route 12.302ns (73.807%))
  Logic Levels:           14  (CARRY4=4 LUT3=1 LUT4=3 LUT5=2 LUT6=4)
  Clock Path Skew:        -0.160ns (DCD - SCD + CPR)
    Destination Clock Delay (DCD):    2.849ns = ( 22.849 - 20.000 ) 
    Source Clock Delay      (SCD):    3.137ns
    Clock Pessimism Removal (CPR):    0.129ns
  Clock Uncertainty:      0.302ns  ((TSJ^2 + TIJ^2)^1/2 + DJ) / 2 + PE
    Total System Jitter     (TSJ):    0.071ns
    Total Input Jitter      (TIJ):    0.600ns
    Discrete Jitter          (DJ):    0.000ns
    Phase Error              (PE):    0.000ns

    Location             Delay type                Incr(ns)  Path(ns)    Netlist Resource(s)
  -------------------------------------------------------------------    -------------------
                         (clock clk_fpga_0 rise edge)
                                                      0.000     0.000 r  
    PS7_X0Y0             PS7                          0.000     0.000 r  DarkEnhance_i/processing_system7_0/inst/PS7_i/FCLKCLK[0]
                         net (fo=1, routed)           1.193     1.193    DarkEnhance_i/processing_system7_0/inst/FCLK_CLK_unbuffered[0]
    BUFGCTRL_X0Y16       BUFG (Prop_bufg_I_O)         0.101     1.294 r  DarkEnhance_i/processing_system7_0/inst/buffer_fclk_clk_0.FCLK_CLK_0_BUFG/O
                         net (fo=19984, routed)       1.843     3.137    DarkEnhance_i/DarkEnhance_0/inst/R_FIFO/mem_u0/clk
    RAMB18_X4Y0          RAMB18E1                                     r  DarkEnhance_i/DarkEnhance_0/inst/R_FIFO/mem_u0/mem_reg/CLKBWRCLK
  -------------------------------------------------------------------    -------------------
    RAMB18_X4Y0          RAMB18E1 (Prop_ramb18e1_CLKBWRCLK_DOBDO[3])
                                                      0.882     4.019 r  DarkEnhance_i/DarkEnhance_0/inst/R_FIFO/mem_u0/mem_reg/DOBDO[3]
                         net (fo=8, routed)           3.156     7.175    DarkEnhance_i/DarkEnhance_0/inst/R_FIFO/mem_u0/DOBDO[3]
    SLICE_X7Y6           LUT4 (Prop_lut4_I1_O)        0.124     7.299 r  DarkEnhance_i/DarkEnhance_0/inst/R_FIFO/mem_u0/max_layer1_11_carry_i_7/O
                         net (fo=1, routed)           0.000     7.299    DarkEnhance_i/DarkEnhance_0/inst/Rmax/i__carry_i_8__12_0[1]
    SLICE_X7Y6           CARRY4 (Prop_carry4_S[1]_CO[3])
                                                      0.550     7.849 r  DarkEnhance_i/DarkEnhance_0/inst/Rmax/max_layer1_11_carry/CO[3]
                         net (fo=24, routed)          0.934     8.783    DarkEnhance_i/DarkEnhance_0/inst/R_FIFO/mem_u0/p_0_out_inferred__3/i__carry[0]
    SLICE_X5Y6           LUT3 (Prop_lut3_I1_O)        0.153     8.936 f  DarkEnhance_i/DarkEnhance_0/inst/R_FIFO/mem_u0/i__carry_i_9__9/O
                         net (fo=5, routed)           0.859     9.795    DarkEnhance_i/DarkEnhance_0/inst/R_FIFO/mem_u0/Rmax/max_layer1_1__23[6]
    SLICE_X6Y7           LUT6 (Prop_lut6_I1_O)        0.327    10.122 r  DarkEnhance_i/DarkEnhance_0/inst/R_FIFO/mem_u0/i__carry_i_1__13/O
                         net (fo=1, routed)           0.483    10.605    DarkEnhance_i/DarkEnhance_0/inst/Rmax/i__carry_i_9__7_1[3]
    SLICE_X6Y8           CARRY4 (Prop_carry4_DI[3]_CO[3])
                                                      0.396    11.001 r  DarkEnhance_i/DarkEnhance_0/inst/Rmax/p_0_out_inferred__3/i__carry/CO[3]
                         net (fo=8, routed)           0.848    11.849    DarkEnhance_i/DarkEnhance_0/inst/R_FIFO/mem_u0/i__carry_i_9__6_1[0]
    SLICE_X6Y7           LUT6 (Prop_lut6_I5_O)        0.124    11.973 r  DarkEnhance_i/DarkEnhance_0/inst/R_FIFO/mem_u0/i__carry_i_14__5/O
                         net (fo=5, routed)           0.908    12.881    DarkEnhance_i/DarkEnhance_0/inst/R_FIFO/mem_u1/max_layer2_0[3]
    SLICE_X8Y7           LUT4 (Prop_lut4_I1_O)        0.124    13.005 r  DarkEnhance_i/DarkEnhance_0/inst/R_FIFO/mem_u1/max_layer3_01_carry_i_7__1/O
                         net (fo=1, routed)           0.000    13.005    DarkEnhance_i/DarkEnhance_0/inst/Rmax/i__carry_i_9__6_4[1]
    SLICE_X8Y7           CARRY4 (Prop_carry4_S[1]_CO[3])
                                                      0.533    13.538 r  DarkEnhance_i/DarkEnhance_0/inst/Rmax/max_layer3_01_carry/CO[3]
                         net (fo=8, routed)           0.973    14.512    DarkEnhance_i/DarkEnhance_0/inst/R_FIFO/mem_u1/mul_B_reg_i_10_1[0]
    SLICE_X8Y8           LUT6 (Prop_lut6_I4_O)        0.124    14.636 r  DarkEnhance_i/DarkEnhance_0/inst/R_FIFO/mem_u1/i__carry_i_13__4/O
                         net (fo=5, routed)           0.760    15.395    DarkEnhance_i/DarkEnhance_0/inst/R_FIFO/mem_u1/R_max_out[2]
    SLICE_X10Y7          LUT4 (Prop_lut4_I0_O)        0.124    15.519 r  DarkEnhance_i/DarkEnhance_0/inst/R_FIFO/mem_u1/i__carry_i_7__0/O
                         net (fo=1, routed)           0.000    15.519    DarkEnhance_i/DarkEnhance_0/inst/R_FIFO_n_10
    SLICE_X10Y7          CARRY4 (Prop_carry4_S[1]_CO[3])
                                                      0.533    16.052 r  DarkEnhance_i/DarkEnhance_0/inst/p_0_out_inferred__1/i__carry/CO[3]
                         net (fo=8, routed)           1.060    17.112    DarkEnhance_i/DarkEnhance_0/inst/R_FIFO/mem_u1/mul_R_reg_0[0]
    SLICE_X9Y9           LUT6 (Prop_lut6_I5_O)        0.124    17.236 r  DarkEnhance_i/DarkEnhance_0/inst/R_FIFO/mem_u1/mul_B_reg_i_30/O
                         net (fo=25, routed)          0.938    18.173    DarkEnhance_i/DarkEnhance_0/inst/sel[2]
    SLICE_X10Y10         LUT5 (Prop_lut5_I2_O)        0.124    18.297 r  DarkEnhance_i/DarkEnhance_0/inst/mul_B_reg_i_20/O
                         net (fo=1, routed)           0.689    18.987    DarkEnhance_i/DarkEnhance_0/inst/mul_B_reg_i_20_n_0
    SLICE_X10Y10         LUT5 (Prop_lut5_I2_O)        0.124    19.111 r  DarkEnhance_i/DarkEnhance_0/inst/mul_B_reg_i_4/O
                         net (fo=3, routed)           0.695    19.806    DarkEnhance_i/DarkEnhance_0/inst/mul_B_reg_i_4_n_0
    DSP48_X0Y3           DSP48E1                                      r  DarkEnhance_i/DarkEnhance_0/inst/mul_G_reg/A[4]
  -------------------------------------------------------------------    -------------------

                         (clock clk_fpga_0 rise edge)
                                                     20.000    20.000 r  
    PS7_X0Y0             PS7                          0.000    20.000 r  DarkEnhance_i/processing_system7_0/inst/PS7_i/FCLKCLK[0]
                         net (fo=1, routed)           1.088    21.088    DarkEnhance_i/processing_system7_0/inst/FCLK_CLK_unbuffered[0]
    BUFGCTRL_X0Y16       BUFG (Prop_bufg_I_O)         0.091    21.179 r  DarkEnhance_i/processing_system7_0/inst/buffer_fclk_clk_0.FCLK_CLK_0_BUFG/O
                         net (fo=19984, routed)       1.670    22.849    DarkEnhance_i/DarkEnhance_0/inst/clk
    DSP48_X0Y3           DSP48E1                                      r  DarkEnhance_i/DarkEnhance_0/inst/mul_G_reg/CLK
                         clock pessimism              0.129    22.978    
                         clock uncertainty           -0.302    22.676    
    DSP48_X0Y3           DSP48E1 (Setup_dsp48e1_CLK_A[4])
                                                     -0.362    22.314    DarkEnhance_i/DarkEnhance_0/inst/mul_G_reg
  -------------------------------------------------------------------
                         required time                         22.314    
                         arrival time                         -19.806    
  -------------------------------------------------------------------
                         slack                                  2.508    

Slack (MET) :             2.509ns  (required time - arrival time)
  Source:                 DarkEnhance_i/DarkEnhance_0/inst/R_FIFO/mem_u0/mem_reg/CLKBWRCLK
                            (rising edge-triggered cell RAMB18E1 clocked by clk_fpga_0  {rise@0.000ns fall@10.000ns period=20.000ns})
  Destination:            DarkEnhance_i/DarkEnhance_0/inst/mul_B_reg/A[4]
                            (rising edge-triggered cell DSP48E1 clocked by clk_fpga_0  {rise@0.000ns fall@10.000ns period=20.000ns})
  Path Group:             clk_fpga_0
  Path Type:              Setup (Max at Slow Process Corner)
  Requirement:            20.000ns  (clk_fpga_0 rise@20.000ns - clk_fpga_0 rise@0.000ns)
  Data Path Delay:        16.668ns  (logic 4.366ns (26.193%)  route 12.302ns (73.807%))
  Logic Levels:           14  (CARRY4=4 LUT3=1 LUT4=3 LUT5=2 LUT6=4)
  Clock Path Skew:        -0.159ns (DCD - SCD + CPR)
    Destination Clock Delay (DCD):    2.850ns = ( 22.850 - 20.000 ) 
    Source Clock Delay      (SCD):    3.137ns
    Clock Pessimism Removal (CPR):    0.129ns
  Clock Uncertainty:      0.302ns  ((TSJ^2 + TIJ^2)^1/2 + DJ) / 2 + PE
    Total System Jitter     (TSJ):    0.071ns
    Total Input Jitter      (TIJ):    0.600ns
    Discrete Jitter          (DJ):    0.000ns
    Phase Error              (PE):    0.000ns

    Location             Delay type                Incr(ns)  Path(ns)    Netlist Resource(s)
  -------------------------------------------------------------------    -------------------
                         (clock clk_fpga_0 rise edge)
                                                      0.000     0.000 r  
    PS7_X0Y0             PS7                          0.000     0.000 r  DarkEnhance_i/processing_system7_0/inst/PS7_i/FCLKCLK[0]
                         net (fo=1, routed)           1.193     1.193    DarkEnhance_i/processing_system7_0/inst/FCLK_CLK_unbuffered[0]
    BUFGCTRL_X0Y16       BUFG (Prop_bufg_I_O)         0.101     1.294 r  DarkEnhance_i/processing_system7_0/inst/buffer_fclk_clk_0.FCLK_CLK_0_BUFG/O
                         net (fo=19984, routed)       1.843     3.137    DarkEnhance_i/DarkEnhance_0/inst/R_FIFO/mem_u0/clk
    RAMB18_X4Y0          RAMB18E1                                     r  DarkEnhance_i/DarkEnhance_0/inst/R_FIFO/mem_u0/mem_reg/CLKBWRCLK
  -------------------------------------------------------------------    -------------------
    RAMB18_X4Y0          RAMB18E1 (Prop_ramb18e1_CLKBWRCLK_DOBDO[3])
                                                      0.882     4.019 r  DarkEnhance_i/DarkEnhance_0/inst/R_FIFO/mem_u0/mem_reg/DOBDO[3]
                         net (fo=8, routed)           3.156     7.175    DarkEnhance_i/DarkEnhance_0/inst/R_FIFO/mem_u0/DOBDO[3]
    SLICE_X7Y6           LUT4 (Prop_lut4_I1_O)        0.124     7.299 r  DarkEnhance_i/DarkEnhance_0/inst/R_FIFO/mem_u0/max_layer1_11_carry_i_7/O
                         net (fo=1, routed)           0.000     7.299    DarkEnhance_i/DarkEnhance_0/inst/Rmax/i__carry_i_8__12_0[1]
    SLICE_X7Y6           CARRY4 (Prop_carry4_S[1]_CO[3])
                                                      0.550     7.849 r  DarkEnhance_i/DarkEnhance_0/inst/Rmax/max_layer1_11_carry/CO[3]
                         net (fo=24, routed)          0.934     8.783    DarkEnhance_i/DarkEnhance_0/inst/R_FIFO/mem_u0/p_0_out_inferred__3/i__carry[0]
    SLICE_X5Y6           LUT3 (Prop_lut3_I1_O)        0.153     8.936 f  DarkEnhance_i/DarkEnhance_0/inst/R_FIFO/mem_u0/i__carry_i_9__9/O
                         net (fo=5, routed)           0.859     9.795    DarkEnhance_i/DarkEnhance_0/inst/R_FIFO/mem_u0/Rmax/max_layer1_1__23[6]
    SLICE_X6Y7           LUT6 (Prop_lut6_I1_O)        0.327    10.122 r  DarkEnhance_i/DarkEnhance_0/inst/R_FIFO/mem_u0/i__carry_i_1__13/O
                         net (fo=1, routed)           0.483    10.605    DarkEnhance_i/DarkEnhance_0/inst/Rmax/i__carry_i_9__7_1[3]
    SLICE_X6Y8           CARRY4 (Prop_carry4_DI[3]_CO[3])
                                                      0.396    11.001 r  DarkEnhance_i/DarkEnhance_0/inst/Rmax/p_0_out_inferred__3/i__carry/CO[3]
                         net (fo=8, routed)           0.848    11.849    DarkEnhance_i/DarkEnhance_0/inst/R_FIFO/mem_u0/i__carry_i_9__6_1[0]
    SLICE_X6Y7           LUT6 (Prop_lut6_I5_O)        0.124    11.973 r  DarkEnhance_i/DarkEnhance_0/inst/R_FIFO/mem_u0/i__carry_i_14__5/O
                         net (fo=5, routed)           0.908    12.881    DarkEnhance_i/DarkEnhance_0/inst/R_FIFO/mem_u1/max_layer2_0[3]
    SLICE_X8Y7           LUT4 (Prop_lut4_I1_O)        0.124    13.005 r  DarkEnhance_i/DarkEnhance_0/inst/R_FIFO/mem_u1/max_layer3_01_carry_i_7__1/O
                         net (fo=1, routed)           0.000    13.005    DarkEnhance_i/DarkEnhance_0/inst/Rmax/i__carry_i_9__6_4[1]
    SLICE_X8Y7           CARRY4 (Prop_carry4_S[1]_CO[3])
                                                      0.533    13.538 r  DarkEnhance_i/DarkEnhance_0/inst/Rmax/max_layer3_01_carry/CO[3]
                         net (fo=8, routed)           0.973    14.512    DarkEnhance_i/DarkEnhance_0/inst/R_FIFO/mem_u1/mul_B_reg_i_10_1[0]
    SLICE_X8Y8           LUT6 (Prop_lut6_I4_O)        0.124    14.636 r  DarkEnhance_i/DarkEnhance_0/inst/R_FIFO/mem_u1/i__carry_i_13__4/O
                         net (fo=5, routed)           0.760    15.395    DarkEnhance_i/DarkEnhance_0/inst/R_FIFO/mem_u1/R_max_out[2]
    SLICE_X10Y7          LUT4 (Prop_lut4_I0_O)        0.124    15.519 r  DarkEnhance_i/DarkEnhance_0/inst/R_FIFO/mem_u1/i__carry_i_7__0/O
                         net (fo=1, routed)           0.000    15.519    DarkEnhance_i/DarkEnhance_0/inst/R_FIFO_n_10
    SLICE_X10Y7          CARRY4 (Prop_carry4_S[1]_CO[3])
                                                      0.533    16.052 r  DarkEnhance_i/DarkEnhance_0/inst/p_0_out_inferred__1/i__carry/CO[3]
                         net (fo=8, routed)           1.060    17.112    DarkEnhance_i/DarkEnhance_0/inst/R_FIFO/mem_u1/mul_R_reg_0[0]
    SLICE_X9Y9           LUT6 (Prop_lut6_I5_O)        0.124    17.236 r  DarkEnhance_i/DarkEnhance_0/inst/R_FIFO/mem_u1/mul_B_reg_i_30/O
                         net (fo=25, routed)          0.938    18.173    DarkEnhance_i/DarkEnhance_0/inst/sel[2]
    SLICE_X10Y10         LUT5 (Prop_lut5_I2_O)        0.124    18.297 r  DarkEnhance_i/DarkEnhance_0/inst/mul_B_reg_i_20/O
                         net (fo=1, routed)           0.689    18.987    DarkEnhance_i/DarkEnhance_0/inst/mul_B_reg_i_20_n_0
    SLICE_X10Y10         LUT5 (Prop_lut5_I2_O)        0.124    19.111 r  DarkEnhance_i/DarkEnhance_0/inst/mul_B_reg_i_4/O
                         net (fo=3, routed)           0.695    19.806    DarkEnhance_i/DarkEnhance_0/inst/mul_B_reg_i_4_n_0
    DSP48_X0Y2           DSP48E1                                      r  DarkEnhance_i/DarkEnhance_0/inst/mul_B_reg/A[4]
  -------------------------------------------------------------------    -------------------

                         (clock clk_fpga_0 rise edge)
                                                     20.000    20.000 r  
    PS7_X0Y0             PS7                          0.000    20.000 r  DarkEnhance_i/processing_system7_0/inst/PS7_i/FCLKCLK[0]
                         net (fo=1, routed)           1.088    21.088    DarkEnhance_i/processing_system7_0/inst/FCLK_CLK_unbuffered[0]
    BUFGCTRL_X0Y16       BUFG (Prop_bufg_I_O)         0.091    21.179 r  DarkEnhance_i/processing_system7_0/inst/buffer_fclk_clk_0.FCLK_CLK_0_BUFG/O
                         net (fo=19984, routed)       1.671    22.850    DarkEnhance_i/DarkEnhance_0/inst/clk
    DSP48_X0Y2           DSP48E1                                      r  DarkEnhance_i/DarkEnhance_0/inst/mul_B_reg/CLK
                         clock pessimism              0.129    22.979    
                         clock uncertainty           -0.302    22.677    
    DSP48_X0Y2           DSP48E1 (Setup_dsp48e1_CLK_A[4])
                                                     -0.362    22.315    DarkEnhance_i/DarkEnhance_0/inst/mul_B_reg
  -------------------------------------------------------------------
                         required time                         22.315    
                         arrival time                         -19.806    
  -------------------------------------------------------------------
                         slack                                  2.509    

Slack (MET) :             2.544ns  (required time - arrival time)
  Source:                 DarkEnhance_i/DarkEnhance_0/inst/R_FIFO/mem_u0/mem_reg/CLKBWRCLK
                            (rising edge-triggered cell RAMB18E1 clocked by clk_fpga_0  {rise@0.000ns fall@10.000ns period=20.000ns})
  Destination:            DarkEnhance_i/DarkEnhance_0/inst/mul_G_reg/A[7]
                            (rising edge-triggered cell DSP48E1 clocked by clk_fpga_0  {rise@0.000ns fall@10.000ns period=20.000ns})
  Path Group:             clk_fpga_0
  Path Type:              Setup (Max at Slow Process Corner)
  Requirement:            20.000ns  (clk_fpga_0 rise@20.000ns - clk_fpga_0 rise@0.000ns)
  Data Path Delay:        16.633ns  (logic 4.596ns (27.632%)  route 12.037ns (72.368%))
  Logic Levels:           14  (CARRY4=4 LUT3=2 LUT4=3 LUT5=1 LUT6=4)
  Clock Path Skew:        -0.160ns (DCD - SCD + CPR)
    Destination Clock Delay (DCD):    2.849ns = ( 22.849 - 20.000 ) 
    Source Clock Delay      (SCD):    3.137ns
    Clock Pessimism Removal (CPR):    0.129ns
  Clock Uncertainty:      0.302ns  ((TSJ^2 + TIJ^2)^1/2 + DJ) / 2 + PE
    Total System Jitter     (TSJ):    0.071ns
    Total Input Jitter      (TIJ):    0.600ns
    Discrete Jitter          (DJ):    0.000ns
    Phase Error              (PE):    0.000ns

    Location             Delay type                Incr(ns)  Path(ns)    Netlist Resource(s)
  -------------------------------------------------------------------    -------------------
                         (clock clk_fpga_0 rise edge)
                                                      0.000     0.000 r  
    PS7_X0Y0             PS7                          0.000     0.000 r  DarkEnhance_i/processing_system7_0/inst/PS7_i/FCLKCLK[0]
                         net (fo=1, routed)           1.193     1.193    DarkEnhance_i/processing_system7_0/inst/FCLK_CLK_unbuffered[0]
    BUFGCTRL_X0Y16       BUFG (Prop_bufg_I_O)         0.101     1.294 r  DarkEnhance_i/processing_system7_0/inst/buffer_fclk_clk_0.FCLK_CLK_0_BUFG/O
                         net (fo=19984, routed)       1.843     3.137    DarkEnhance_i/DarkEnhance_0/inst/R_FIFO/mem_u0/clk
    RAMB18_X4Y0          RAMB18E1                                     r  DarkEnhance_i/DarkEnhance_0/inst/R_FIFO/mem_u0/mem_reg/CLKBWRCLK
  -------------------------------------------------------------------    -------------------
    RAMB18_X4Y0          RAMB18E1 (Prop_ramb18e1_CLKBWRCLK_DOBDO[3])
                                                      0.882     4.019 r  DarkEnhance_i/DarkEnhance_0/inst/R_FIFO/mem_u0/mem_reg/DOBDO[3]
                         net (fo=8, routed)           3.156     7.175    DarkEnhance_i/DarkEnhance_0/inst/R_FIFO/mem_u0/DOBDO[3]
    SLICE_X7Y6           LUT4 (Prop_lut4_I1_O)        0.124     7.299 r  DarkEnhance_i/DarkEnhance_0/inst/R_FIFO/mem_u0/max_layer1_11_carry_i_7/O
                         net (fo=1, routed)           0.000     7.299    DarkEnhance_i/DarkEnhance_0/inst/Rmax/i__carry_i_8__12_0[1]
    SLICE_X7Y6           CARRY4 (Prop_carry4_S[1]_CO[3])
                                                      0.550     7.849 r  DarkEnhance_i/DarkEnhance_0/inst/Rmax/max_layer1_11_carry/CO[3]
                         net (fo=24, routed)          0.934     8.783    DarkEnhance_i/DarkEnhance_0/inst/R_FIFO/mem_u0/p_0_out_inferred__3/i__carry[0]
    SLICE_X5Y6           LUT3 (Prop_lut3_I1_O)        0.153     8.936 f  DarkEnhance_i/DarkEnhance_0/inst/R_FIFO/mem_u0/i__carry_i_9__9/O
                         net (fo=5, routed)           0.859     9.795    DarkEnhance_i/DarkEnhance_0/inst/R_FIFO/mem_u0/Rmax/max_layer1_1__23[6]
    SLICE_X6Y7           LUT6 (Prop_lut6_I1_O)        0.327    10.122 r  DarkEnhance_i/DarkEnhance_0/inst/R_FIFO/mem_u0/i__carry_i_1__13/O
                         net (fo=1, routed)           0.483    10.605    DarkEnhance_i/DarkEnhance_0/inst/Rmax/i__carry_i_9__7_1[3]
    SLICE_X6Y8           CARRY4 (Prop_carry4_DI[3]_CO[3])
                                                      0.396    11.001 r  DarkEnhance_i/DarkEnhance_0/inst/Rmax/p_0_out_inferred__3/i__carry/CO[3]
                         net (fo=8, routed)           0.848    11.849    DarkEnhance_i/DarkEnhance_0/inst/R_FIFO/mem_u0/i__carry_i_9__6_1[0]
    SLICE_X6Y7           LUT6 (Prop_lut6_I5_O)        0.124    11.973 r  DarkEnhance_i/DarkEnhance_0/inst/R_FIFO/mem_u0/i__carry_i_14__5/O
                         net (fo=5, routed)           0.908    12.881    DarkEnhance_i/DarkEnhance_0/inst/R_FIFO/mem_u1/max_layer2_0[3]
    SLICE_X8Y7           LUT4 (Prop_lut4_I1_O)        0.124    13.005 r  DarkEnhance_i/DarkEnhance_0/inst/R_FIFO/mem_u1/max_layer3_01_carry_i_7__1/O
                         net (fo=1, routed)           0.000    13.005    DarkEnhance_i/DarkEnhance_0/inst/Rmax/i__carry_i_9__6_4[1]
    SLICE_X8Y7           CARRY4 (Prop_carry4_S[1]_CO[3])
                                                      0.533    13.538 r  DarkEnhance_i/DarkEnhance_0/inst/Rmax/max_layer3_01_carry/CO[3]
                         net (fo=8, routed)           0.973    14.512    DarkEnhance_i/DarkEnhance_0/inst/R_FIFO/mem_u1/mul_B_reg_i_10_1[0]
    SLICE_X8Y8           LUT6 (Prop_lut6_I4_O)        0.124    14.636 r  DarkEnhance_i/DarkEnhance_0/inst/R_FIFO/mem_u1/i__carry_i_13__4/O
                         net (fo=5, routed)           0.760    15.395    DarkEnhance_i/DarkEnhance_0/inst/R_FIFO/mem_u1/R_max_out[2]
    SLICE_X10Y7          LUT4 (Prop_lut4_I0_O)        0.124    15.519 r  DarkEnhance_i/DarkEnhance_0/inst/R_FIFO/mem_u1/i__carry_i_7__0/O
                         net (fo=1, routed)           0.000    15.519    DarkEnhance_i/DarkEnhance_0/inst/R_FIFO_n_10
    SLICE_X10Y7          CARRY4 (Prop_carry4_S[1]_CO[3])
                                                      0.533    16.052 r  DarkEnhance_i/DarkEnhance_0/inst/p_0_out_inferred__1/i__carry/CO[3]
                         net (fo=8, routed)           1.076    17.128    DarkEnhance_i/DarkEnhance_0/inst/R_FIFO/mem_u1/mul_R_reg_0[0]
    SLICE_X9Y9           LUT6 (Prop_lut6_I5_O)        0.124    17.252 f  DarkEnhance_i/DarkEnhance_0/inst/R_FIFO/mem_u1/mul_B_reg_i_13/O
                         net (fo=24, routed)          0.919    18.171    DarkEnhance_i/DarkEnhance_0/inst/sel[5]
    SLICE_X11Y9          LUT5 (Prop_lut5_I4_O)        0.152    18.323 r  DarkEnhance_i/DarkEnhance_0/inst/mul_B_reg_i_9/O
                         net (fo=1, routed)           0.436    18.759    DarkEnhance_i/DarkEnhance_0/inst/mul_B_reg_i_9_n_0
    SLICE_X11Y9          LUT3 (Prop_lut3_I0_O)        0.326    19.085 r  DarkEnhance_i/DarkEnhance_0/inst/mul_B_reg_i_1/O
                         net (fo=3, routed)           0.685    19.770    DarkEnhance_i/DarkEnhance_0/inst/mul_B_reg_i_1_n_0
    DSP48_X0Y3           DSP48E1                                      r  DarkEnhance_i/DarkEnhance_0/inst/mul_G_reg/A[7]
  -------------------------------------------------------------------    -------------------

                         (clock clk_fpga_0 rise edge)
                                                     20.000    20.000 r  
    PS7_X0Y0             PS7                          0.000    20.000 r  DarkEnhance_i/processing_system7_0/inst/PS7_i/FCLKCLK[0]
                         net (fo=1, routed)           1.088    21.088    DarkEnhance_i/processing_system7_0/inst/FCLK_CLK_unbuffered[0]
    BUFGCTRL_X0Y16       BUFG (Prop_bufg_I_O)         0.091    21.179 r  DarkEnhance_i/processing_system7_0/inst/buffer_fclk_clk_0.FCLK_CLK_0_BUFG/O
                         net (fo=19984, routed)       1.670    22.849    DarkEnhance_i/DarkEnhance_0/inst/clk
    DSP48_X0Y3           DSP48E1                                      r  DarkEnhance_i/DarkEnhance_0/inst/mul_G_reg/CLK
                         clock pessimism              0.129    22.978    
                         clock uncertainty           -0.302    22.676    
    DSP48_X0Y3           DSP48E1 (Setup_dsp48e1_CLK_A[7])
                                                     -0.362    22.314    DarkEnhance_i/DarkEnhance_0/inst/mul_G_reg
  -------------------------------------------------------------------
                         required time                         22.314    
                         arrival time                         -19.770    
  -------------------------------------------------------------------
                         slack                                  2.544    

Slack (MET) :             2.545ns  (required time - arrival time)
  Source:                 DarkEnhance_i/DarkEnhance_0/inst/R_FIFO/mem_u0/mem_reg/CLKBWRCLK
                            (rising edge-triggered cell RAMB18E1 clocked by clk_fpga_0  {rise@0.000ns fall@10.000ns period=20.000ns})
  Destination:            DarkEnhance_i/DarkEnhance_0/inst/mul_B_reg/A[7]
                            (rising edge-triggered cell DSP48E1 clocked by clk_fpga_0  {rise@0.000ns fall@10.000ns period=20.000ns})
  Path Group:             clk_fpga_0
  Path Type:              Setup (Max at Slow Process Corner)
  Requirement:            20.000ns  (clk_fpga_0 rise@20.000ns - clk_fpga_0 rise@0.000ns)
  Data Path Delay:        16.633ns  (logic 4.596ns (27.632%)  route 12.037ns (72.368%))
  Logic Levels:           14  (CARRY4=4 LUT3=2 LUT4=3 LUT5=1 LUT6=4)
  Clock Path Skew:        -0.159ns (DCD - SCD + CPR)
    Destination Clock Delay (DCD):    2.850ns = ( 22.850 - 20.000 ) 
    Source Clock Delay      (SCD):    3.137ns
    Clock Pessimism Removal (CPR):    0.129ns
  Clock Uncertainty:      0.302ns  ((TSJ^2 + TIJ^2)^1/2 + DJ) / 2 + PE
    Total System Jitter     (TSJ):    0.071ns
    Total Input Jitter      (TIJ):    0.600ns
    Discrete Jitter          (DJ):    0.000ns
    Phase Error              (PE):    0.000ns

    Location             Delay type                Incr(ns)  Path(ns)    Netlist Resource(s)
  -------------------------------------------------------------------    -------------------
                         (clock clk_fpga_0 rise edge)
                                                      0.000     0.000 r  
    PS7_X0Y0             PS7                          0.000     0.000 r  DarkEnhance_i/processing_system7_0/inst/PS7_i/FCLKCLK[0]
                         net (fo=1, routed)           1.193     1.193    DarkEnhance_i/processing_system7_0/inst/FCLK_CLK_unbuffered[0]
    BUFGCTRL_X0Y16       BUFG (Prop_bufg_I_O)         0.101     1.294 r  DarkEnhance_i/processing_system7_0/inst/buffer_fclk_clk_0.FCLK_CLK_0_BUFG/O
                         net (fo=19984, routed)       1.843     3.137    DarkEnhance_i/DarkEnhance_0/inst/R_FIFO/mem_u0/clk
    RAMB18_X4Y0          RAMB18E1                                     r  DarkEnhance_i/DarkEnhance_0/inst/R_FIFO/mem_u0/mem_reg/CLKBWRCLK
  -------------------------------------------------------------------    -------------------
    RAMB18_X4Y0          RAMB18E1 (Prop_ramb18e1_CLKBWRCLK_DOBDO[3])
                                                      0.882     4.019 r  DarkEnhance_i/DarkEnhance_0/inst/R_FIFO/mem_u0/mem_reg/DOBDO[3]
                         net (fo=8, routed)           3.156     7.175    DarkEnhance_i/DarkEnhance_0/inst/R_FIFO/mem_u0/DOBDO[3]
    SLICE_X7Y6           LUT4 (Prop_lut4_I1_O)        0.124     7.299 r  DarkEnhance_i/DarkEnhance_0/inst/R_FIFO/mem_u0/max_layer1_11_carry_i_7/O
                         net (fo=1, routed)           0.000     7.299    DarkEnhance_i/DarkEnhance_0/inst/Rmax/i__carry_i_8__12_0[1]
    SLICE_X7Y6           CARRY4 (Prop_carry4_S[1]_CO[3])
                                                      0.550     7.849 r  DarkEnhance_i/DarkEnhance_0/inst/Rmax/max_layer1_11_carry/CO[3]
                         net (fo=24, routed)          0.934     8.783    DarkEnhance_i/DarkEnhance_0/inst/R_FIFO/mem_u0/p_0_out_inferred__3/i__carry[0]
    SLICE_X5Y6           LUT3 (Prop_lut3_I1_O)        0.153     8.936 f  DarkEnhance_i/DarkEnhance_0/inst/R_FIFO/mem_u0/i__carry_i_9__9/O
                         net (fo=5, routed)           0.859     9.795    DarkEnhance_i/DarkEnhance_0/inst/R_FIFO/mem_u0/Rmax/max_layer1_1__23[6]
    SLICE_X6Y7           LUT6 (Prop_lut6_I1_O)        0.327    10.122 r  DarkEnhance_i/DarkEnhance_0/inst/R_FIFO/mem_u0/i__carry_i_1__13/O
                         net (fo=1, routed)           0.483    10.605    DarkEnhance_i/DarkEnhance_0/inst/Rmax/i__carry_i_9__7_1[3]
    SLICE_X6Y8           CARRY4 (Prop_carry4_DI[3]_CO[3])
                                                      0.396    11.001 r  DarkEnhance_i/DarkEnhance_0/inst/Rmax/p_0_out_inferred__3/i__carry/CO[3]
                         net (fo=8, routed)           0.848    11.849    DarkEnhance_i/DarkEnhance_0/inst/R_FIFO/mem_u0/i__carry_i_9__6_1[0]
    SLICE_X6Y7           LUT6 (Prop_lut6_I5_O)        0.124    11.973 r  DarkEnhance_i/DarkEnhance_0/inst/R_FIFO/mem_u0/i__carry_i_14__5/O
                         net (fo=5, routed)           0.908    12.881    DarkEnhance_i/DarkEnhance_0/inst/R_FIFO/mem_u1/max_layer2_0[3]
    SLICE_X8Y7           LUT4 (Prop_lut4_I1_O)        0.124    13.005 r  DarkEnhance_i/DarkEnhance_0/inst/R_FIFO/mem_u1/max_layer3_01_carry_i_7__1/O
                         net (fo=1, routed)           0.000    13.005    DarkEnhance_i/DarkEnhance_0/inst/Rmax/i__carry_i_9__6_4[1]
    SLICE_X8Y7           CARRY4 (Prop_carry4_S[1]_CO[3])
                                                      0.533    13.538 r  DarkEnhance_i/DarkEnhance_0/inst/Rmax/max_layer3_01_carry/CO[3]
                         net (fo=8, routed)           0.973    14.512    DarkEnhance_i/DarkEnhance_0/inst/R_FIFO/mem_u1/mul_B_reg_i_10_1[0]
    SLICE_X8Y8           LUT6 (Prop_lut6_I4_O)        0.124    14.636 r  DarkEnhance_i/DarkEnhance_0/inst/R_FIFO/mem_u1/i__carry_i_13__4/O
                         net (fo=5, routed)           0.760    15.395    DarkEnhance_i/DarkEnhance_0/inst/R_FIFO/mem_u1/R_max_out[2]
    SLICE_X10Y7          LUT4 (Prop_lut4_I0_O)        0.124    15.519 r  DarkEnhance_i/DarkEnhance_0/inst/R_FIFO/mem_u1/i__carry_i_7__0/O
                         net (fo=1, routed)           0.000    15.519    DarkEnhance_i/DarkEnhance_0/inst/R_FIFO_n_10
    SLICE_X10Y7          CARRY4 (Prop_carry4_S[1]_CO[3])
                                                      0.533    16.052 r  DarkEnhance_i/DarkEnhance_0/inst/p_0_out_inferred__1/i__carry/CO[3]
                         net (fo=8, routed)           1.076    17.128    DarkEnhance_i/DarkEnhance_0/inst/R_FIFO/mem_u1/mul_R_reg_0[0]
    SLICE_X9Y9           LUT6 (Prop_lut6_I5_O)        0.124    17.252 f  DarkEnhance_i/DarkEnhance_0/inst/R_FIFO/mem_u1/mul_B_reg_i_13/O
                         net (fo=24, routed)          0.919    18.171    DarkEnhance_i/DarkEnhance_0/inst/sel[5]
    SLICE_X11Y9          LUT5 (Prop_lut5_I4_O)        0.152    18.323 r  DarkEnhance_i/DarkEnhance_0/inst/mul_B_reg_i_9/O
                         net (fo=1, routed)           0.436    18.759    DarkEnhance_i/DarkEnhance_0/inst/mul_B_reg_i_9_n_0
    SLICE_X11Y9          LUT3 (Prop_lut3_I0_O)        0.326    19.085 r  DarkEnhance_i/DarkEnhance_0/inst/mul_B_reg_i_1/O
                         net (fo=3, routed)           0.685    19.770    DarkEnhance_i/DarkEnhance_0/inst/mul_B_reg_i_1_n_0
    DSP48_X0Y2           DSP48E1                                      r  DarkEnhance_i/DarkEnhance_0/inst/mul_B_reg/A[7]
  -------------------------------------------------------------------    -------------------

                         (clock clk_fpga_0 rise edge)
                                                     20.000    20.000 r  
    PS7_X0Y0             PS7                          0.000    20.000 r  DarkEnhance_i/processing_system7_0/inst/PS7_i/FCLKCLK[0]
                         net (fo=1, routed)           1.088    21.088    DarkEnhance_i/processing_system7_0/inst/FCLK_CLK_unbuffered[0]
    BUFGCTRL_X0Y16       BUFG (Prop_bufg_I_O)         0.091    21.179 r  DarkEnhance_i/processing_system7_0/inst/buffer_fclk_clk_0.FCLK_CLK_0_BUFG/O
                         net (fo=19984, routed)       1.671    22.850    DarkEnhance_i/DarkEnhance_0/inst/clk
    DSP48_X0Y2           DSP48E1                                      r  DarkEnhance_i/DarkEnhance_0/inst/mul_B_reg/CLK
                         clock pessimism              0.129    22.979    
                         clock uncertainty           -0.302    22.677    
    DSP48_X0Y2           DSP48E1 (Setup_dsp48e1_CLK_A[7])
                                                     -0.362    22.315    DarkEnhance_i/DarkEnhance_0/inst/mul_B_reg
  -------------------------------------------------------------------
                         required time                         22.315    
                         arrival time                         -19.770    
  -------------------------------------------------------------------
                         slack                                  2.545    





Min Delay Paths
--------------------------------------------------------------------------------------
Slack (MET) :             0.007ns  (arrival time - required time)
  Source:                 <hidden>
                            (rising edge-triggered cell FDRE clocked by clk_fpga_0  {rise@0.000ns fall@10.000ns period=20.000ns})
  Destination:            <hidden>
                            (rising edge-triggered cell RAMD32 clocked by clk_fpga_0  {rise@0.000ns fall@10.000ns period=20.000ns})
  Path Group:             clk_fpga_0
  Path Type:              Hold (Min at Fast Process Corner)
  Requirement:            0.000ns  (clk_fpga_0 rise@0.000ns - clk_fpga_0 rise@0.000ns)
  Data Path Delay:        0.331ns  (logic 0.128ns (38.712%)  route 0.203ns (61.288%))
  Logic Levels:           0  
  Clock Path Skew:        0.262ns (DCD - SCD - CPR)
    Destination Clock Delay (DCD):    1.191ns
    Source Clock Delay      (SCD):    0.899ns
    Clock Pessimism Removal (CPR):    0.030ns

    Location             Delay type                Incr(ns)  Path(ns)    Netlist Resource(s)
  -------------------------------------------------------------------    -------------------
                         (clock clk_fpga_0 rise edge)
                                                      0.000     0.000 r  
    PS7_X0Y0             PS7                          0.000     0.000 r  DarkEnhance_i/processing_system7_0/inst/PS7_i/FCLKCLK[0]
                         net (fo=1, routed)           0.310     0.310    DarkEnhance_i/processing_system7_0/inst/FCLK_CLK_unbuffered[0]
    BUFGCTRL_X0Y16       BUFG (Prop_bufg_I_O)         0.026     0.336 r  DarkEnhance_i/processing_system7_0/inst/buffer_fclk_clk_0.FCLK_CLK_0_BUFG/O
                         net (fo=19984, routed)       0.563     0.899    <hidden>
    SLICE_X43Y49         FDRE                                         r  <hidden>
  -------------------------------------------------------------------    -------------------
    SLICE_X43Y49         FDRE (Prop_fdre_C_Q)         0.128     1.027 r  <hidden>
                         net (fo=1, routed)           0.203     1.229    <hidden>
    SLICE_X42Y50         RAMD32                                       r  <hidden>
  -------------------------------------------------------------------    -------------------

                         (clock clk_fpga_0 rise edge)
                                                      0.000     0.000 r  
    PS7_X0Y0             PS7                          0.000     0.000 r  DarkEnhance_i/processing_system7_0/inst/PS7_i/FCLKCLK[0]
                         net (fo=1, routed)           0.337     0.337    DarkEnhance_i/processing_system7_0/inst/FCLK_CLK_unbuffered[0]
    BUFGCTRL_X0Y16       BUFG (Prop_bufg_I_O)         0.029     0.366 r  DarkEnhance_i/processing_system7_0/inst/buffer_fclk_clk_0.FCLK_CLK_0_BUFG/O
                         net (fo=19984, routed)       0.825     1.191    <hidden>
    SLICE_X42Y50         RAMD32                                       r  <hidden>
                         clock pessimism             -0.030     1.161    
    SLICE_X42Y50         RAMD32 (Hold_ramd32_CLK_I)
                                                      0.061     1.222    <hidden>
  -------------------------------------------------------------------
                         required time                         -1.222    
                         arrival time                           1.229    
  -------------------------------------------------------------------
                         slack                                  0.007    

Slack (MET) :             0.015ns  (arrival time - required time)
  Source:                 <hidden>
                            (rising edge-triggered cell FDRE clocked by clk_fpga_0  {rise@0.000ns fall@10.000ns period=20.000ns})
  Destination:            <hidden>
                            (rising edge-triggered cell FDRE clocked by clk_fpga_0  {rise@0.000ns fall@10.000ns period=20.000ns})
  Path Group:             clk_fpga_0
  Path Type:              Hold (Min at Fast Process Corner)
  Requirement:            0.000ns  (clk_fpga_0 rise@0.000ns - clk_fpga_0 rise@0.000ns)
  Data Path Delay:        0.351ns  (logic 0.141ns (40.219%)  route 0.210ns (59.781%))
  Logic Levels:           0  
  Clock Path Skew:        0.264ns (DCD - SCD - CPR)
    Destination Clock Delay (DCD):    1.183ns
    Source Clock Delay      (SCD):    0.884ns
    Clock Pessimism Removal (CPR):    0.035ns

    Location             Delay type                Incr(ns)  Path(ns)    Netlist Resource(s)
  -------------------------------------------------------------------    -------------------
                         (clock clk_fpga_0 rise edge)
                                                      0.000     0.000 r  
    PS7_X0Y0             PS7                          0.000     0.000 r  DarkEnhance_i/processing_system7_0/inst/PS7_i/FCLKCLK[0]
                         net (fo=1, routed)           0.310     0.310    DarkEnhance_i/processing_system7_0/inst/FCLK_CLK_unbuffered[0]
    BUFGCTRL_X0Y16       BUFG (Prop_bufg_I_O)         0.026     0.336 r  DarkEnhance_i/processing_system7_0/inst/buffer_fclk_clk_0.FCLK_CLK_0_BUFG/O
                         net (fo=19984, routed)       0.548     0.884    <hidden>
    SLICE_X52Y22         FDRE                                         r  <hidden>
  -------------------------------------------------------------------    -------------------
    SLICE_X52Y22         FDRE (Prop_fdre_C_Q)         0.141     1.025 r  <hidden>
                         net (fo=2, routed)           0.210     1.234    <hidden>
    SLICE_X49Y21         FDRE                                         r  <hidden>
  -------------------------------------------------------------------    -------------------

                         (clock clk_fpga_0 rise edge)
                                                      0.000     0.000 r  
    PS7_X0Y0             PS7                          0.000     0.000 r  DarkEnhance_i/processing_system7_0/inst/PS7_i/FCLKCLK[0]
                         net (fo=1, routed)           0.337     0.337    DarkEnhance_i/processing_system7_0/inst/FCLK_CLK_unbuffered[0]
    BUFGCTRL_X0Y16       BUFG (Prop_bufg_I_O)         0.029     0.366 r  DarkEnhance_i/processing_system7_0/inst/buffer_fclk_clk_0.FCLK_CLK_0_BUFG/O
                         net (fo=19984, routed)       0.817     1.183    <hidden>
    SLICE_X49Y21         FDRE                                         r  <hidden>
                         clock pessimism             -0.035     1.148    
    SLICE_X49Y21         FDRE (Hold_fdre_C_D)         0.071     1.219    <hidden>
  -------------------------------------------------------------------
                         required time                         -1.219    
                         arrival time                           1.234    
  -------------------------------------------------------------------
                         slack                                  0.015    

Slack (MET) :             0.015ns  (arrival time - required time)
  Source:                 <hidden>
                            (rising edge-triggered cell FDRE clocked by clk_fpga_0  {rise@0.000ns fall@10.000ns period=20.000ns})
  Destination:            <hidden>
                            (rising edge-triggered cell FDRE clocked by clk_fpga_0  {rise@0.000ns fall@10.000ns period=20.000ns})
  Path Group:             clk_fpga_0
  Path Type:              Hold (Min at Fast Process Corner)
  Requirement:            0.000ns  (clk_fpga_0 rise@0.000ns - clk_fpga_0 rise@0.000ns)
  Data Path Delay:        0.351ns  (logic 0.141ns (40.219%)  route 0.210ns (59.781%))
  Logic Levels:           0  
  Clock Path Skew:        0.264ns (DCD - SCD - CPR)
    Destination Clock Delay (DCD):    1.183ns
    Source Clock Delay      (SCD):    0.884ns
    Clock Pessimism Removal (CPR):    0.035ns

    Location             Delay type                Incr(ns)  Path(ns)    Netlist Resource(s)
  -------------------------------------------------------------------    -------------------
                         (clock clk_fpga_0 rise edge)
                                                      0.000     0.000 r  
    PS7_X0Y0             PS7                          0.000     0.000 r  DarkEnhance_i/processing_system7_0/inst/PS7_i/FCLKCLK[0]
                         net (fo=1, routed)           0.310     0.310    DarkEnhance_i/processing_system7_0/inst/FCLK_CLK_unbuffered[0]
    BUFGCTRL_X0Y16       BUFG (Prop_bufg_I_O)         0.026     0.336 r  DarkEnhance_i/processing_system7_0/inst/buffer_fclk_clk_0.FCLK_CLK_0_BUFG/O
                         net (fo=19984, routed)       0.548     0.884    <hidden>
    SLICE_X52Y22         FDRE                                         r  <hidden>
  -------------------------------------------------------------------    -------------------
    SLICE_X52Y22         FDRE (Prop_fdre_C_Q)         0.141     1.025 r  <hidden>
                         net (fo=2, routed)           0.210     1.234    <hidden>
    SLICE_X48Y21         FDRE                                         r  <hidden>
  -------------------------------------------------------------------    -------------------

                         (clock clk_fpga_0 rise edge)
                                                      0.000     0.000 r  
    PS7_X0Y0             PS7                          0.000     0.000 r  DarkEnhance_i/processing_system7_0/inst/PS7_i/FCLKCLK[0]
                         net (fo=1, routed)           0.337     0.337    DarkEnhance_i/processing_system7_0/inst/FCLK_CLK_unbuffered[0]
    BUFGCTRL_X0Y16       BUFG (Prop_bufg_I_O)         0.029     0.366 r  DarkEnhance_i/processing_system7_0/inst/buffer_fclk_clk_0.FCLK_CLK_0_BUFG/O
                         net (fo=19984, routed)       0.817     1.183    <hidden>
    SLICE_X48Y21         FDRE                                         r  <hidden>
                         clock pessimism             -0.035     1.148    
    SLICE_X48Y21         FDRE (Hold_fdre_C_D)         0.071     1.219    <hidden>
  -------------------------------------------------------------------
                         required time                         -1.219    
                         arrival time                           1.234    
  -------------------------------------------------------------------
                         slack                                  0.015    

Slack (MET) :             0.018ns  (arrival time - required time)
  Source:                 <hidden>
                            (rising edge-triggered cell FDRE clocked by clk_fpga_0  {rise@0.000ns fall@10.000ns period=20.000ns})
  Destination:            <hidden>
                            (rising edge-triggered cell FDRE clocked by clk_fpga_0  {rise@0.000ns fall@10.000ns period=20.000ns})
  Path Group:             clk_fpga_0
  Path Type:              Hold (Min at Fast Process Corner)
  Requirement:            0.000ns  (clk_fpga_0 rise@0.000ns - clk_fpga_0 rise@0.000ns)
  Data Path Delay:        0.352ns  (logic 0.141ns (40.006%)  route 0.211ns (59.994%))
  Logic Levels:           0  
  Clock Path Skew:        0.264ns (DCD - SCD - CPR)
    Destination Clock Delay (DCD):    1.183ns
    Source Clock Delay      (SCD):    0.884ns
    Clock Pessimism Removal (CPR):    0.035ns

    Location             Delay type                Incr(ns)  Path(ns)    Netlist Resource(s)
  -------------------------------------------------------------------    -------------------
                         (clock clk_fpga_0 rise edge)
                                                      0.000     0.000 r  
    PS7_X0Y0             PS7                          0.000     0.000 r  DarkEnhance_i/processing_system7_0/inst/PS7_i/FCLKCLK[0]
                         net (fo=1, routed)           0.310     0.310    DarkEnhance_i/processing_system7_0/inst/FCLK_CLK_unbuffered[0]
    BUFGCTRL_X0Y16       BUFG (Prop_bufg_I_O)         0.026     0.336 r  DarkEnhance_i/processing_system7_0/inst/buffer_fclk_clk_0.FCLK_CLK_0_BUFG/O
                         net (fo=19984, routed)       0.548     0.884    <hidden>
    SLICE_X52Y22         FDRE                                         r  <hidden>
  -------------------------------------------------------------------    -------------------
    SLICE_X52Y22         FDRE (Prop_fdre_C_Q)         0.141     1.025 r  <hidden>
                         net (fo=2, routed)           0.211     1.236    <hidden>
    SLICE_X49Y21         FDRE                                         r  <hidden>
  -------------------------------------------------------------------    -------------------

                         (clock clk_fpga_0 rise edge)
                                                      0.000     0.000 r  
    PS7_X0Y0             PS7                          0.000     0.000 r  DarkEnhance_i/processing_system7_0/inst/PS7_i/FCLKCLK[0]
                         net (fo=1, routed)           0.337     0.337    DarkEnhance_i/processing_system7_0/inst/FCLK_CLK_unbuffered[0]
    BUFGCTRL_X0Y16       BUFG (Prop_bufg_I_O)         0.029     0.366 r  DarkEnhance_i/processing_system7_0/inst/buffer_fclk_clk_0.FCLK_CLK_0_BUFG/O
                         net (fo=19984, routed)       0.817     1.183    <hidden>
    SLICE_X49Y21         FDRE                                         r  <hidden>
                         clock pessimism             -0.035     1.148    
    SLICE_X49Y21         FDRE (Hold_fdre_C_D)         0.070     1.218    <hidden>
  -------------------------------------------------------------------
                         required time                         -1.218    
                         arrival time                           1.236    
  -------------------------------------------------------------------
                         slack                                  0.018    

Slack (MET) :             0.019ns  (arrival time - required time)
  Source:                 <hidden>
                            (rising edge-triggered cell FDRE clocked by clk_fpga_0  {rise@0.000ns fall@10.000ns period=20.000ns})
  Destination:            <hidden>
                            (rising edge-triggered cell FDRE clocked by clk_fpga_0  {rise@0.000ns fall@10.000ns period=20.000ns})
  Path Group:             clk_fpga_0
  Path Type:              Hold (Min at Fast Process Corner)
  Requirement:            0.000ns  (clk_fpga_0 rise@0.000ns - clk_fpga_0 rise@0.000ns)
  Data Path Delay:        0.304ns  (logic 0.148ns (48.643%)  route 0.156ns (51.357%))
  Logic Levels:           0  
  Clock Path Skew:        0.267ns (DCD - SCD - CPR)
    Destination Clock Delay (DCD):    1.195ns
    Source Clock Delay      (SCD):    0.893ns
    Clock Pessimism Removal (CPR):    0.035ns

    Location             Delay type                Incr(ns)  Path(ns)    Netlist Resource(s)
  -------------------------------------------------------------------    -------------------
                         (clock clk_fpga_0 rise edge)
                                                      0.000     0.000 r  
    PS7_X0Y0             PS7                          0.000     0.000 r  DarkEnhance_i/processing_system7_0/inst/PS7_i/FCLKCLK[0]
                         net (fo=1, routed)           0.310     0.310    DarkEnhance_i/processing_system7_0/inst/FCLK_CLK_unbuffered[0]
    BUFGCTRL_X0Y16       BUFG (Prop_bufg_I_O)         0.026     0.336 r  DarkEnhance_i/processing_system7_0/inst/buffer_fclk_clk_0.FCLK_CLK_0_BUFG/O
                         net (fo=19984, routed)       0.557     0.893    <hidden>
    SLICE_X50Y7          FDRE                                         r  <hidden>
  -------------------------------------------------------------------    -------------------
    SLICE_X50Y7          FDRE (Prop_fdre_C_Q)         0.148     1.041 r  <hidden>
                         net (fo=1, routed)           0.156     1.197    <hidden>
    SLICE_X48Y6          FDRE                                         r  <hidden>
  -------------------------------------------------------------------    -------------------

                         (clock clk_fpga_0 rise edge)
                                                      0.000     0.000 r  
    PS7_X0Y0             PS7                          0.000     0.000 r  DarkEnhance_i/processing_system7_0/inst/PS7_i/FCLKCLK[0]
                         net (fo=1, routed)           0.337     0.337    DarkEnhance_i/processing_system7_0/inst/FCLK_CLK_unbuffered[0]
    BUFGCTRL_X0Y16       BUFG (Prop_bufg_I_O)         0.029     0.366 r  DarkEnhance_i/processing_system7_0/inst/buffer_fclk_clk_0.FCLK_CLK_0_BUFG/O
                         net (fo=19984, routed)       0.829     1.195    <hidden>
    SLICE_X48Y6          FDRE                                         r  <hidden>
                         clock pessimism             -0.035     1.160    
    SLICE_X48Y6          FDRE (Hold_fdre_C_D)         0.018     1.178    <hidden>
  -------------------------------------------------------------------
                         required time                         -1.178    
                         arrival time                           1.197    
  -------------------------------------------------------------------
                         slack                                  0.019    

Slack (MET) :             0.031ns  (arrival time - required time)
  Source:                 <hidden>
                            (rising edge-triggered cell FDRE clocked by clk_fpga_0  {rise@0.000ns fall@10.000ns period=20.000ns})
  Destination:            <hidden>
                            (rising edge-triggered cell RAMD32 clocked by clk_fpga_0  {rise@0.000ns fall@10.000ns period=20.000ns})
  Path Group:             clk_fpga_0
  Path Type:              Hold (Min at Fast Process Corner)
  Requirement:            0.000ns  (clk_fpga_0 rise@0.000ns - clk_fpga_0 rise@0.000ns)
  Data Path Delay:        0.354ns  (logic 0.128ns (36.146%)  route 0.226ns (63.854%))
  Logic Levels:           0  
  Clock Path Skew:        0.262ns (DCD - SCD - CPR)
    Destination Clock Delay (DCD):    1.191ns
    Source Clock Delay      (SCD):    0.899ns
    Clock Pessimism Removal (CPR):    0.030ns

    Location             Delay type                Incr(ns)  Path(ns)    Netlist Resource(s)
  -------------------------------------------------------------------    -------------------
                         (clock clk_fpga_0 rise edge)
                                                      0.000     0.000 r  
    PS7_X0Y0             PS7                          0.000     0.000 r  DarkEnhance_i/processing_system7_0/inst/PS7_i/FCLKCLK[0]
                         net (fo=1, routed)           0.310     0.310    DarkEnhance_i/processing_system7_0/inst/FCLK_CLK_unbuffered[0]
    BUFGCTRL_X0Y16       BUFG (Prop_bufg_I_O)         0.026     0.336 r  DarkEnhance_i/processing_system7_0/inst/buffer_fclk_clk_0.FCLK_CLK_0_BUFG/O
                         net (fo=19984, routed)       0.563     0.899    <hidden>
    SLICE_X41Y48         FDRE                                         r  <hidden>
  -------------------------------------------------------------------    -------------------
    SLICE_X41Y48         FDRE (Prop_fdre_C_Q)         0.128     1.027 r  <hidden>
                         net (fo=1, routed)           0.226     1.253    <hidden>
    SLICE_X36Y50         RAMD32                                       r  <hidden>
  -------------------------------------------------------------------    -------------------

                         (clock clk_fpga_0 rise edge)
                                                      0.000     0.000 r  
    PS7_X0Y0             PS7                          0.000     0.000 r  DarkEnhance_i/processing_system7_0/inst/PS7_i/FCLKCLK[0]
                         net (fo=1, routed)           0.337     0.337    DarkEnhance_i/processing_system7_0/inst/FCLK_CLK_unbuffered[0]
    BUFGCTRL_X0Y16       BUFG (Prop_bufg_I_O)         0.029     0.366 r  DarkEnhance_i/processing_system7_0/inst/buffer_fclk_clk_0.FCLK_CLK_0_BUFG/O
                         net (fo=19984, routed)       0.825     1.191    <hidden>
    SLICE_X36Y50         RAMD32                                       r  <hidden>
                         clock pessimism             -0.030     1.161    
    SLICE_X36Y50         RAMD32 (Hold_ramd32_CLK_I)
                                                      0.061     1.222    <hidden>
  -------------------------------------------------------------------
                         required time                         -1.222    
                         arrival time                           1.253    
  -------------------------------------------------------------------
                         slack                                  0.031    

Slack (MET) :             0.031ns  (arrival time - required time)
  Source:                 <hidden>
                            (rising edge-triggered cell FDRE clocked by clk_fpga_0  {rise@0.000ns fall@10.000ns period=20.000ns})
  Destination:            <hidden>
                            (rising edge-triggered cell FDRE clocked by clk_fpga_0  {rise@0.000ns fall@10.000ns period=20.000ns})
  Path Group:             clk_fpga_0
  Path Type:              Hold (Min at Fast Process Corner)
  Requirement:            0.000ns  (clk_fpga_0 rise@0.000ns - clk_fpga_0 rise@0.000ns)
  Data Path Delay:        0.369ns  (logic 0.141ns (38.235%)  route 0.228ns (61.765%))
  Logic Levels:           0  
  Clock Path Skew:        0.265ns (DCD - SCD - CPR)
    Destination Clock Delay (DCD):    1.188ns
    Source Clock Delay      (SCD):    0.888ns
    Clock Pessimism Removal (CPR):    0.035ns

    Location             Delay type                Incr(ns)  Path(ns)    Netlist Resource(s)
  -------------------------------------------------------------------    -------------------
                         (clock clk_fpga_0 rise edge)
                                                      0.000     0.000 r  
    PS7_X0Y0             PS7                          0.000     0.000 r  DarkEnhance_i/processing_system7_0/inst/PS7_i/FCLKCLK[0]
                         net (fo=1, routed)           0.310     0.310    DarkEnhance_i/processing_system7_0/inst/FCLK_CLK_unbuffered[0]
    BUFGCTRL_X0Y16       BUFG (Prop_bufg_I_O)         0.026     0.336 r  DarkEnhance_i/processing_system7_0/inst/buffer_fclk_clk_0.FCLK_CLK_0_BUFG/O
                         net (fo=19984, routed)       0.552     0.888    <hidden>
    SLICE_X51Y17         FDRE                                         r  <hidden>
  -------------------------------------------------------------------    -------------------
    SLICE_X51Y17         FDRE (Prop_fdre_C_Q)         0.141     1.029 r  <hidden>
                         net (fo=2, routed)           0.228     1.256    <hidden>
    SLICE_X45Y16         FDRE                                         r  <hidden>
  -------------------------------------------------------------------    -------------------

                         (clock clk_fpga_0 rise edge)
                                                      0.000     0.000 r  
    PS7_X0Y0             PS7                          0.000     0.000 r  DarkEnhance_i/processing_system7_0/inst/PS7_i/FCLKCLK[0]
                         net (fo=1, routed)           0.337     0.337    DarkEnhance_i/processing_system7_0/inst/FCLK_CLK_unbuffered[0]
    BUFGCTRL_X0Y16       BUFG (Prop_bufg_I_O)         0.029     0.366 r  DarkEnhance_i/processing_system7_0/inst/buffer_fclk_clk_0.FCLK_CLK_0_BUFG/O
                         net (fo=19984, routed)       0.822     1.188    <hidden>
    SLICE_X45Y16         FDRE                                         r  <hidden>
                         clock pessimism             -0.035     1.153    
    SLICE_X45Y16         FDRE (Hold_fdre_C_D)         0.072     1.225    <hidden>
  -------------------------------------------------------------------
                         required time                         -1.225    
                         arrival time                           1.256    
  -------------------------------------------------------------------
                         slack                                  0.031    

Slack (MET) :             0.035ns  (arrival time - required time)
  Source:                 <hidden>
                            (rising edge-triggered cell FDRE clocked by clk_fpga_0  {rise@0.000ns fall@10.000ns period=20.000ns})
  Destination:            <hidden>
                            (rising edge-triggered cell RAMD32 clocked by clk_fpga_0  {rise@0.000ns fall@10.000ns period=20.000ns})
  Path Group:             clk_fpga_0
  Path Type:              Hold (Min at Fast Process Corner)
  Requirement:            0.000ns  (clk_fpga_0 rise@0.000ns - clk_fpga_0 rise@0.000ns)
  Data Path Delay:        0.358ns  (logic 0.141ns (39.348%)  route 0.217ns (60.652%))
  Logic Levels:           0  
  Clock Path Skew:        0.013ns (DCD - SCD - CPR)
    Destination Clock Delay (DCD):    1.220ns
    Source Clock Delay      (SCD):    0.923ns
    Clock Pessimism Removal (CPR):    0.284ns

    Location             Delay type                Incr(ns)  Path(ns)    Netlist Resource(s)
  -------------------------------------------------------------------    -------------------
                         (clock clk_fpga_0 rise edge)
                                                      0.000     0.000 r  
    PS7_X0Y0             PS7                          0.000     0.000 r  DarkEnhance_i/processing_system7_0/inst/PS7_i/FCLKCLK[0]
                         net (fo=1, routed)           0.310     0.310    DarkEnhance_i/processing_system7_0/inst/FCLK_CLK_unbuffered[0]
    BUFGCTRL_X0Y16       BUFG (Prop_bufg_I_O)         0.026     0.336 r  DarkEnhance_i/processing_system7_0/inst/buffer_fclk_clk_0.FCLK_CLK_0_BUFG/O
                         net (fo=19984, routed)       0.587     0.923    <hidden>
    SLICE_X87Y37         FDRE                                         r  <hidden>
  -------------------------------------------------------------------    -------------------
    SLICE_X87Y37         FDRE (Prop_fdre_C_Q)         0.141     1.064 r  <hidden>
                         net (fo=24, routed)          0.217     1.281    <hidden>
    SLICE_X86Y37         RAMD32                                       r  <hidden>
  -------------------------------------------------------------------    -------------------

                         (clock clk_fpga_0 rise edge)
                                                      0.000     0.000 r  
    PS7_X0Y0             PS7                          0.000     0.000 r  DarkEnhance_i/processing_system7_0/inst/PS7_i/FCLKCLK[0]
                         net (fo=1, routed)           0.337     0.337    DarkEnhance_i/processing_system7_0/inst/FCLK_CLK_unbuffered[0]
    BUFGCTRL_X0Y16       BUFG (Prop_bufg_I_O)         0.029     0.366 r  DarkEnhance_i/processing_system7_0/inst/buffer_fclk_clk_0.FCLK_CLK_0_BUFG/O
                         net (fo=19984, routed)       0.854     1.220    <hidden>
    SLICE_X86Y37         RAMD32                                       r  <hidden>
                         clock pessimism             -0.284     0.936    
    SLICE_X86Y37         RAMD32 (Hold_ramd32_CLK_WADR0)
                                                      0.310     1.246    <hidden>
  -------------------------------------------------------------------
                         required time                         -1.246    
                         arrival time                           1.281    
  -------------------------------------------------------------------
                         slack                                  0.035    

Slack (MET) :             0.035ns  (arrival time - required time)
  Source:                 <hidden>
                            (rising edge-triggered cell FDRE clocked by clk_fpga_0  {rise@0.000ns fall@10.000ns period=20.000ns})
  Destination:            <hidden>
                            (rising edge-triggered cell RAMD32 clocked by clk_fpga_0  {rise@0.000ns fall@10.000ns period=20.000ns})
  Path Group:             clk_fpga_0
  Path Type:              Hold (Min at Fast Process Corner)
  Requirement:            0.000ns  (clk_fpga_0 rise@0.000ns - clk_fpga_0 rise@0.000ns)
  Data Path Delay:        0.358ns  (logic 0.141ns (39.348%)  route 0.217ns (60.652%))
  Logic Levels:           0  
  Clock Path Skew:        0.013ns (DCD - SCD - CPR)
    Destination Clock Delay (DCD):    1.220ns
    Source Clock Delay      (SCD):    0.923ns
    Clock Pessimism Removal (CPR):    0.284ns

    Location             Delay type                Incr(ns)  Path(ns)    Netlist Resource(s)
  -------------------------------------------------------------------    -------------------
                         (clock clk_fpga_0 rise edge)
                                                      0.000     0.000 r  
    PS7_X0Y0             PS7                          0.000     0.000 r  DarkEnhance_i/processing_system7_0/inst/PS7_i/FCLKCLK[0]
                         net (fo=1, routed)           0.310     0.310    DarkEnhance_i/processing_system7_0/inst/FCLK_CLK_unbuffered[0]
    BUFGCTRL_X0Y16       BUFG (Prop_bufg_I_O)         0.026     0.336 r  DarkEnhance_i/processing_system7_0/inst/buffer_fclk_clk_0.FCLK_CLK_0_BUFG/O
                         net (fo=19984, routed)       0.587     0.923    <hidden>
    SLICE_X87Y37         FDRE                                         r  <hidden>
  -------------------------------------------------------------------    -------------------
    SLICE_X87Y37         FDRE (Prop_fdre_C_Q)         0.141     1.064 r  <hidden>
                         net (fo=24, routed)          0.217     1.281    <hidden>
    SLICE_X86Y37         RAMD32                                       r  <hidden>
  -------------------------------------------------------------------    -------------------

                         (clock clk_fpga_0 rise edge)
                                                      0.000     0.000 r  
    PS7_X0Y0             PS7                          0.000     0.000 r  DarkEnhance_i/processing_system7_0/inst/PS7_i/FCLKCLK[0]
                         net (fo=1, routed)           0.337     0.337    DarkEnhance_i/processing_system7_0/inst/FCLK_CLK_unbuffered[0]
    BUFGCTRL_X0Y16       BUFG (Prop_bufg_I_O)         0.029     0.366 r  DarkEnhance_i/processing_system7_0/inst/buffer_fclk_clk_0.FCLK_CLK_0_BUFG/O
                         net (fo=19984, routed)       0.854     1.220    <hidden>
    SLICE_X86Y37         RAMD32                                       r  <hidden>
                         clock pessimism             -0.284     0.936    
    SLICE_X86Y37         RAMD32 (Hold_ramd32_CLK_WADR0)
                                                      0.310     1.246    <hidden>
  -------------------------------------------------------------------
                         required time                         -1.246    
                         arrival time                           1.281    
  -------------------------------------------------------------------
                         slack                                  0.035    

Slack (MET) :             0.035ns  (arrival time - required time)
  Source:                 <hidden>
                            (rising edge-triggered cell FDRE clocked by clk_fpga_0  {rise@0.000ns fall@10.000ns period=20.000ns})
  Destination:            <hidden>
                            (rising edge-triggered cell RAMD32 clocked by clk_fpga_0  {rise@0.000ns fall@10.000ns period=20.000ns})
  Path Group:             clk_fpga_0
  Path Type:              Hold (Min at Fast Process Corner)
  Requirement:            0.000ns  (clk_fpga_0 rise@0.000ns - clk_fpga_0 rise@0.000ns)
  Data Path Delay:        0.358ns  (logic 0.141ns (39.348%)  route 0.217ns (60.652%))
  Logic Levels:           0  
  Clock Path Skew:        0.013ns (DCD - SCD - CPR)
    Destination Clock Delay (DCD):    1.220ns
    Source Clock Delay      (SCD):    0.923ns
    Clock Pessimism Removal (CPR):    0.284ns

    Location             Delay type                Incr(ns)  Path(ns)    Netlist Resource(s)
  -------------------------------------------------------------------    -------------------
                         (clock clk_fpga_0 rise edge)
                                                      0.000     0.000 r  
    PS7_X0Y0             PS7                          0.000     0.000 r  DarkEnhance_i/processing_system7_0/inst/PS7_i/FCLKCLK[0]
                         net (fo=1, routed)           0.310     0.310    DarkEnhance_i/processing_system7_0/inst/FCLK_CLK_unbuffered[0]
    BUFGCTRL_X0Y16       BUFG (Prop_bufg_I_O)         0.026     0.336 r  DarkEnhance_i/processing_system7_0/inst/buffer_fclk_clk_0.FCLK_CLK_0_BUFG/O
                         net (fo=19984, routed)       0.587     0.923    <hidden>
    SLICE_X87Y37         FDRE                                         r  <hidden>
  -------------------------------------------------------------------    -------------------
    SLICE_X87Y37         FDRE (Prop_fdre_C_Q)         0.141     1.064 r  <hidden>
                         net (fo=24, routed)          0.217     1.281    <hidden>
    SLICE_X86Y37         RAMD32                                       r  <hidden>
  -------------------------------------------------------------------    -------------------

                         (clock clk_fpga_0 rise edge)
                                                      0.000     0.000 r  
    PS7_X0Y0             PS7                          0.000     0.000 r  DarkEnhance_i/processing_system7_0/inst/PS7_i/FCLKCLK[0]
                         net (fo=1, routed)           0.337     0.337    DarkEnhance_i/processing_system7_0/inst/FCLK_CLK_unbuffered[0]
    BUFGCTRL_X0Y16       BUFG (Prop_bufg_I_O)         0.029     0.366 r  DarkEnhance_i/processing_system7_0/inst/buffer_fclk_clk_0.FCLK_CLK_0_BUFG/O
                         net (fo=19984, routed)       0.854     1.220    <hidden>
    SLICE_X86Y37         RAMD32                                       r  <hidden>
                         clock pessimism             -0.284     0.936    
    SLICE_X86Y37         RAMD32 (Hold_ramd32_CLK_WADR0)
                                                      0.310     1.246    <hidden>
  -------------------------------------------------------------------
                         required time                         -1.246    
                         arrival time                           1.281    
  -------------------------------------------------------------------
                         slack                                  0.035    





Pulse Width Checks
--------------------------------------------------------------------------------------
Clock Name:         clk_fpga_0
Waveform(ns):       { 0.000 10.000 }
Period(ns):         20.000
Sources:            { DarkEnhance_i/processing_system7_0/inst/PS7_i/FCLKCLK[0] }

Check Type        Corner  Lib Pin             Reference Pin  Required(ns)  Actual(ns)  Slack(ns)  Location      Pin
Min Period        n/a     DSP48E1/CLK         n/a            3.884         20.000      16.116     DSP48_X0Y2    DarkEnhance_i/DarkEnhance_0/inst/mul_B_reg/CLK
Min Period        n/a     DSP48E1/CLK         n/a            3.884         20.000      16.116     DSP48_X0Y3    DarkEnhance_i/DarkEnhance_0/inst/mul_G_reg/CLK
Min Period        n/a     DSP48E1/CLK         n/a            3.884         20.000      16.116     DSP48_X0Y4    DarkEnhance_i/DarkEnhance_0/inst/mul_R_reg/CLK
Min Period        n/a     RAMB18E1/CLKARDCLK  n/a            2.944         20.000      17.056     RAMB18_X1Y0   DarkEnhance_i/DarkEnhance_0/inst/B_FIFO/mem_u0/mem_reg/CLKARDCLK
Min Period        n/a     RAMB18E1/CLKARDCLK  n/a            2.944         20.000      17.056     RAMB18_X1Y1   DarkEnhance_i/DarkEnhance_0/inst/B_FIFO/mem_u1/mem_reg/CLKARDCLK
Min Period        n/a     RAMB18E1/CLKARDCLK  n/a            2.944         20.000      17.056     RAMB18_X1Y2   DarkEnhance_i/DarkEnhance_0/inst/G_FIFO/mem_u0/mem_reg/CLKARDCLK
Min Period        n/a     RAMB18E1/CLKARDCLK  n/a            2.944         20.000      17.056     RAMB18_X1Y3   DarkEnhance_i/DarkEnhance_0/inst/G_FIFO/mem_u1/mem_reg/CLKARDCLK
Min Period        n/a     RAMB18E1/CLKARDCLK  n/a            2.944         20.000      17.056     RAMB18_X4Y0   DarkEnhance_i/DarkEnhance_0/inst/R_FIFO/mem_u0/mem_reg/CLKARDCLK
Min Period        n/a     RAMB18E1/CLKARDCLK  n/a            2.944         20.000      17.056     RAMB18_X4Y1   DarkEnhance_i/DarkEnhance_0/inst/R_FIFO/mem_u1/mem_reg/CLKARDCLK
Min Period        n/a     RAMB36E1/CLKARDCLK  n/a            2.944         20.000      17.056     RAMB36_X2Y0   DarkEnhance_i/DarkEnhance_0/inst/addr_memX/mem_array_reg/CLKARDCLK
Low Pulse Width   Slow    RAMD32/CLK          n/a            1.250         10.000      8.750      SLICE_X32Y25  <hidden>
Low Pulse Width   Fast    RAMD32/CLK          n/a            1.250         10.000      8.750      SLICE_X32Y25  <hidden>
Low Pulse Width   Slow    RAMD32/CLK          n/a            1.250         10.000      8.750      SLICE_X32Y25  <hidden>
Low Pulse Width   Fast    RAMD32/CLK          n/a            1.250         10.000      8.750      SLICE_X32Y25  <hidden>
Low Pulse Width   Slow    RAMD32/CLK          n/a            1.250         10.000      8.750      SLICE_X32Y25  <hidden>
Low Pulse Width   Fast    RAMD32/CLK          n/a            1.250         10.000      8.750      SLICE_X32Y25  <hidden>
Low Pulse Width   Slow    RAMD32/CLK          n/a            1.250         10.000      8.750      SLICE_X32Y25  <hidden>
Low Pulse Width   Fast    RAMD32/CLK          n/a            1.250         10.000      8.750      SLICE_X32Y25  <hidden>
Low Pulse Width   Slow    RAMD32/CLK          n/a            1.250         10.000      8.750      SLICE_X32Y25  <hidden>
Low Pulse Width   Fast    RAMD32/CLK          n/a            1.250         10.000      8.750      SLICE_X32Y25  <hidden>
High Pulse Width  Slow    RAMD32/CLK          n/a            1.250         10.000      8.750      SLICE_X32Y25  <hidden>
High Pulse Width  Fast    RAMD32/CLK          n/a            1.250         10.000      8.750      SLICE_X32Y25  <hidden>
High Pulse Width  Slow    RAMD32/CLK          n/a            1.250         10.000      8.750      SLICE_X32Y25  <hidden>
High Pulse Width  Fast    RAMD32/CLK          n/a            1.250         10.000      8.750      SLICE_X32Y25  <hidden>
High Pulse Width  Slow    RAMD32/CLK          n/a            1.250         10.000      8.750      SLICE_X32Y25  <hidden>
High Pulse Width  Fast    RAMD32/CLK          n/a            1.250         10.000      8.750      SLICE_X32Y25  <hidden>
High Pulse Width  Slow    RAMD32/CLK          n/a            1.250         10.000      8.750      SLICE_X32Y25  <hidden>
High Pulse Width  Fast    RAMD32/CLK          n/a            1.250         10.000      8.750      SLICE_X32Y25  <hidden>
High Pulse Width  Slow    RAMD32/CLK          n/a            1.250         10.000      8.750      SLICE_X32Y25  <hidden>
High Pulse Width  Fast    RAMD32/CLK          n/a            1.250         10.000      8.750      SLICE_X32Y25  <hidden>



--------------------------------------------------------------------------------------
Path Group:  (none)
From Clock:  
  To Clock:  clk_fpga_0

Max Delay             1 Endpoint
Min Delay             1 Endpoint
--------------------------------------------------------------------------------------


Max Delay Paths
--------------------------------------------------------------------------------------
Slack:                    inf
  Source:                 DarkEnhance_i/processing_system7_0/inst/PS7_i/FCLKRESETN[0]
                            (internal pin)
  Destination:            DarkEnhance_i/rst_ps7_0_50M/U0/EXT_LPF/ACTIVE_LOW_EXT.ACT_LO_EXT/GENERATE_LEVEL_P_S_CDC.SINGLE_BIT.CROSS_PLEVEL_IN2SCNDRY_IN_cdc_to/D
                            (rising edge-triggered cell FDRE clocked by clk_fpga_0  {rise@0.000ns fall@10.000ns period=20.000ns})
  Path Group:             (none)
  Path Type:              Setup (Max at Slow Process Corner)
  Data Path Delay:        5.180ns  (logic 0.124ns (2.394%)  route 5.056ns (97.606%))
  Logic Levels:           1  (LUT1=1)
  Clock Uncertainty:      0.301ns  ((TSJ^2 + TIJ^2)^1/2 + DJ) / 2 + PE
    Total System Jitter     (TSJ):    0.050ns
    Total Input Jitter      (TIJ):    0.600ns
    Discrete Jitter          (DJ):    0.000ns
    Phase Error              (PE):    0.000ns
  Timing Exception:       False Path

    Location             Delay type                Incr(ns)  Path(ns)    Netlist Resource(s)
  -------------------------------------------------------------------    -------------------
    PS7_X0Y0             PS7                          0.000     0.000 f  DarkEnhance_i/processing_system7_0/inst/PS7_i/FCLKRESETN[0]
                         net (fo=1, routed)           4.536     4.536    DarkEnhance_i/rst_ps7_0_50M/U0/EXT_LPF/ACTIVE_LOW_EXT.ACT_LO_EXT/ext_reset_in
    SLICE_X87Y9          LUT1 (Prop_lut1_I0_O)        0.124     4.660 r  DarkEnhance_i/rst_ps7_0_50M/U0/EXT_LPF/ACTIVE_LOW_EXT.ACT_LO_EXT/GENERATE_LEVEL_P_S_CDC.SINGLE_BIT.CROSS_PLEVEL_IN2SCNDRY_IN_cdc_to_i_1/O
                         net (fo=1, routed)           0.520     5.180    DarkEnhance_i/rst_ps7_0_50M/U0/EXT_LPF/ACTIVE_LOW_EXT.ACT_LO_EXT/exr_d1
    SLICE_X86Y9          FDRE                                         r  DarkEnhance_i/rst_ps7_0_50M/U0/EXT_LPF/ACTIVE_LOW_EXT.ACT_LO_EXT/GENERATE_LEVEL_P_S_CDC.SINGLE_BIT.CROSS_PLEVEL_IN2SCNDRY_IN_cdc_to/D
  -------------------------------------------------------------------    -------------------

                         (clock clk_fpga_0 rise edge)
                                                      0.000     0.000 r  
    PS7_X0Y0             PS7                          0.000     0.000 r  DarkEnhance_i/processing_system7_0/inst/PS7_i/FCLKCLK[0]
                         net (fo=1, routed)           1.088     1.088    DarkEnhance_i/processing_system7_0/inst/FCLK_CLK_unbuffered[0]
    BUFGCTRL_X0Y16       BUFG (Prop_bufg_I_O)         0.091     1.179 r  DarkEnhance_i/processing_system7_0/inst/buffer_fclk_clk_0.FCLK_CLK_0_BUFG/O
                         net (fo=19984, routed)       1.561     2.740    DarkEnhance_i/rst_ps7_0_50M/U0/EXT_LPF/ACTIVE_LOW_EXT.ACT_LO_EXT/slowest_sync_clk
    SLICE_X86Y9          FDRE                                         r  DarkEnhance_i/rst_ps7_0_50M/U0/EXT_LPF/ACTIVE_LOW_EXT.ACT_LO_EXT/GENERATE_LEVEL_P_S_CDC.SINGLE_BIT.CROSS_PLEVEL_IN2SCNDRY_IN_cdc_to/C





Min Delay Paths
--------------------------------------------------------------------------------------
Slack:                    inf
  Source:                 DarkEnhance_i/processing_system7_0/inst/PS7_i/FCLKRESETN[0]
                            (internal pin)
  Destination:            DarkEnhance_i/rst_ps7_0_50M/U0/EXT_LPF/ACTIVE_LOW_EXT.ACT_LO_EXT/GENERATE_LEVEL_P_S_CDC.SINGLE_BIT.CROSS_PLEVEL_IN2SCNDRY_IN_cdc_to/D
                            (rising edge-triggered cell FDRE clocked by clk_fpga_0  {rise@0.000ns fall@10.000ns period=20.000ns})
  Path Group:             (none)
  Path Type:              Hold (Min at Fast Process Corner)
  Data Path Delay:        2.158ns  (logic 0.045ns (2.085%)  route 2.113ns (97.915%))
  Logic Levels:           1  (LUT1=1)
  Clock Uncertainty:      0.301ns  ((TSJ^2 + TIJ^2)^1/2 + DJ) / 2 + PE
    Total System Jitter     (TSJ):    0.050ns
    Total Input Jitter      (TIJ):    0.600ns
    Discrete Jitter          (DJ):    0.000ns
    Phase Error              (PE):    0.000ns
  Timing Exception:       False Path

    Location             Delay type                Incr(ns)  Path(ns)    Netlist Resource(s)
  -------------------------------------------------------------------    -------------------
    PS7_X0Y0             PS7                          0.000     0.000 f  DarkEnhance_i/processing_system7_0/inst/PS7_i/FCLKRESETN[0]
                         net (fo=1, routed)           1.951     1.951    DarkEnhance_i/rst_ps7_0_50M/U0/EXT_LPF/ACTIVE_LOW_EXT.ACT_LO_EXT/ext_reset_in
    SLICE_X87Y9          LUT1 (Prop_lut1_I0_O)        0.045     1.996 r  DarkEnhance_i/rst_ps7_0_50M/U0/EXT_LPF/ACTIVE_LOW_EXT.ACT_LO_EXT/GENERATE_LEVEL_P_S_CDC.SINGLE_BIT.CROSS_PLEVEL_IN2SCNDRY_IN_cdc_to_i_1/O
                         net (fo=1, routed)           0.162     2.158    DarkEnhance_i/rst_ps7_0_50M/U0/EXT_LPF/ACTIVE_LOW_EXT.ACT_LO_EXT/exr_d1
    SLICE_X86Y9          FDRE                                         r  DarkEnhance_i/rst_ps7_0_50M/U0/EXT_LPF/ACTIVE_LOW_EXT.ACT_LO_EXT/GENERATE_LEVEL_P_S_CDC.SINGLE_BIT.CROSS_PLEVEL_IN2SCNDRY_IN_cdc_to/D
  -------------------------------------------------------------------    -------------------

                         (clock clk_fpga_0 rise edge)
                                                      0.000     0.000 r  
    PS7_X0Y0             PS7                          0.000     0.000 r  DarkEnhance_i/processing_system7_0/inst/PS7_i/FCLKCLK[0]
                         net (fo=1, routed)           0.337     0.337    DarkEnhance_i/processing_system7_0/inst/FCLK_CLK_unbuffered[0]
    BUFGCTRL_X0Y16       BUFG (Prop_bufg_I_O)         0.029     0.366 r  DarkEnhance_i/processing_system7_0/inst/buffer_fclk_clk_0.FCLK_CLK_0_BUFG/O
                         net (fo=19984, routed)       0.857     1.223    DarkEnhance_i/rst_ps7_0_50M/U0/EXT_LPF/ACTIVE_LOW_EXT.ACT_LO_EXT/slowest_sync_clk
    SLICE_X86Y9          FDRE                                         r  DarkEnhance_i/rst_ps7_0_50M/U0/EXT_LPF/ACTIVE_LOW_EXT.ACT_LO_EXT/GENERATE_LEVEL_P_S_CDC.SINGLE_BIT.CROSS_PLEVEL_IN2SCNDRY_IN_cdc_to/C





--------------------------------------------------------------------------------------
Path Group:  (none)
From Clock:  clk_fpga_0
  To Clock:  clk_fpga_0

Max Delay           196 Endpoints
Min Delay           196 Endpoints
--------------------------------------------------------------------------------------


Max Delay Paths
--------------------------------------------------------------------------------------
Slack:                    inf
  Source:                 DarkEnhance_i/smartconnect_0/inst/clk_map/psr_aclk/U0/ACTIVE_LOW_BSR_OUT_DFF[0].FDRE_BSR_N/C
                            (rising edge-triggered cell FDRE clocked by clk_fpga_0  {rise@0.000ns fall@10.000ns period=20.000ns})
  Destination:            <hidden>
                            (recovery check against rising-edge clock clk_fpga_0  {rise@0.000ns fall@10.000ns period=20.000ns})
  Path Group:             (none)
  Path Type:              Recovery (Max at Slow Process Corner)
  Data Path Delay:        7.702ns  (logic 0.610ns (7.920%)  route 7.092ns (92.080%))
  Logic Levels:           1  (LUT1=1)
  Clock Path Skew:        -0.199ns (DCD - SCD + CPR)
    Destination Clock Delay (DCD):    2.822ns
    Source Clock Delay      (SCD):    3.021ns
    Clock Pessimism Removal (CPR):    0.000ns
  Clock Uncertainty:      0.302ns  ((TSJ^2 + TIJ^2)^1/2 + DJ) / 2 + PE
    Total System Jitter     (TSJ):    0.071ns
    Total Input Jitter      (TIJ):    0.600ns
    Discrete Jitter          (DJ):    0.000ns
    Phase Error              (PE):    0.000ns
  Timing Exception:       False Path

    Location             Delay type                Incr(ns)  Path(ns)    Netlist Resource(s)
  -------------------------------------------------------------------    -------------------
                         (clock clk_fpga_0 rise edge)
                                                      0.000     0.000 r  
    PS7_X0Y0             PS7                          0.000     0.000 r  DarkEnhance_i/processing_system7_0/inst/PS7_i/FCLKCLK[0]
                         net (fo=1, routed)           1.193     1.193    DarkEnhance_i/processing_system7_0/inst/FCLK_CLK_unbuffered[0]
    BUFGCTRL_X0Y16       BUFG (Prop_bufg_I_O)         0.101     1.294 r  DarkEnhance_i/processing_system7_0/inst/buffer_fclk_clk_0.FCLK_CLK_0_BUFG/O
                         net (fo=19984, routed)       1.727     3.021    DarkEnhance_i/smartconnect_0/inst/clk_map/psr_aclk/U0/aclk
    SLICE_X88Y19         FDRE                                         r  DarkEnhance_i/smartconnect_0/inst/clk_map/psr_aclk/U0/ACTIVE_LOW_BSR_OUT_DFF[0].FDRE_BSR_N/C
  -------------------------------------------------------------------    -------------------
    SLICE_X88Y19         FDRE (Prop_fdre_C_Q)         0.456     3.477 r  DarkEnhance_i/smartconnect_0/inst/clk_map/psr_aclk/U0/ACTIVE_LOW_BSR_OUT_DFF[0].FDRE_BSR_N/Q
                         net (fo=64, routed)          6.456     9.933    <hidden>
    SLICE_X7Y26          LUT1 (Prop_lut1_I0_O)        0.154    10.087 f  <hidden>
                         net (fo=3, routed)           0.636    10.723    <hidden>
    SLICE_X7Y26          FDCE                                         f  <hidden>
  -------------------------------------------------------------------    -------------------

                         (clock clk_fpga_0 rise edge)
                                                      0.000     0.000 r  
    PS7_X0Y0             PS7                          0.000     0.000 r  DarkEnhance_i/processing_system7_0/inst/PS7_i/FCLKCLK[0]
                         net (fo=1, routed)           1.088     1.088    DarkEnhance_i/processing_system7_0/inst/FCLK_CLK_unbuffered[0]
    BUFGCTRL_X0Y16       BUFG (Prop_bufg_I_O)         0.091     1.179 r  DarkEnhance_i/processing_system7_0/inst/buffer_fclk_clk_0.FCLK_CLK_0_BUFG/O
                         net (fo=19984, routed)       1.643     2.822    <hidden>
    SLICE_X7Y26          FDCE                                         r  <hidden>

Slack:                    inf
  Source:                 DarkEnhance_i/smartconnect_0/inst/clk_map/psr_aclk/U0/ACTIVE_LOW_BSR_OUT_DFF[0].FDRE_BSR_N/C
                            (rising edge-triggered cell FDRE clocked by clk_fpga_0  {rise@0.000ns fall@10.000ns period=20.000ns})
  Destination:            <hidden>
                            (recovery check against rising-edge clock clk_fpga_0  {rise@0.000ns fall@10.000ns period=20.000ns})
  Path Group:             (none)
  Path Type:              Recovery (Max at Slow Process Corner)
  Data Path Delay:        7.702ns  (logic 0.610ns (7.920%)  route 7.092ns (92.080%))
  Logic Levels:           1  (LUT1=1)
  Clock Path Skew:        -0.199ns (DCD - SCD + CPR)
    Destination Clock Delay (DCD):    2.822ns
    Source Clock Delay      (SCD):    3.021ns
    Clock Pessimism Removal (CPR):    0.000ns
  Clock Uncertainty:      0.302ns  ((TSJ^2 + TIJ^2)^1/2 + DJ) / 2 + PE
    Total System Jitter     (TSJ):    0.071ns
    Total Input Jitter      (TIJ):    0.600ns
    Discrete Jitter          (DJ):    0.000ns
    Phase Error              (PE):    0.000ns
  Timing Exception:       False Path

    Location             Delay type                Incr(ns)  Path(ns)    Netlist Resource(s)
  -------------------------------------------------------------------    -------------------
                         (clock clk_fpga_0 rise edge)
                                                      0.000     0.000 r  
    PS7_X0Y0             PS7                          0.000     0.000 r  DarkEnhance_i/processing_system7_0/inst/PS7_i/FCLKCLK[0]
                         net (fo=1, routed)           1.193     1.193    DarkEnhance_i/processing_system7_0/inst/FCLK_CLK_unbuffered[0]
    BUFGCTRL_X0Y16       BUFG (Prop_bufg_I_O)         0.101     1.294 r  DarkEnhance_i/processing_system7_0/inst/buffer_fclk_clk_0.FCLK_CLK_0_BUFG/O
                         net (fo=19984, routed)       1.727     3.021    DarkEnhance_i/smartconnect_0/inst/clk_map/psr_aclk/U0/aclk
    SLICE_X88Y19         FDRE                                         r  DarkEnhance_i/smartconnect_0/inst/clk_map/psr_aclk/U0/ACTIVE_LOW_BSR_OUT_DFF[0].FDRE_BSR_N/C
  -------------------------------------------------------------------    -------------------
    SLICE_X88Y19         FDRE (Prop_fdre_C_Q)         0.456     3.477 r  DarkEnhance_i/smartconnect_0/inst/clk_map/psr_aclk/U0/ACTIVE_LOW_BSR_OUT_DFF[0].FDRE_BSR_N/Q
                         net (fo=64, routed)          6.456     9.933    <hidden>
    SLICE_X7Y26          LUT1 (Prop_lut1_I0_O)        0.154    10.087 f  <hidden>
                         net (fo=3, routed)           0.636    10.723    <hidden>
    SLICE_X7Y26          FDCE                                         f  <hidden>
  -------------------------------------------------------------------    -------------------

                         (clock clk_fpga_0 rise edge)
                                                      0.000     0.000 r  
    PS7_X0Y0             PS7                          0.000     0.000 r  DarkEnhance_i/processing_system7_0/inst/PS7_i/FCLKCLK[0]
                         net (fo=1, routed)           1.088     1.088    DarkEnhance_i/processing_system7_0/inst/FCLK_CLK_unbuffered[0]
    BUFGCTRL_X0Y16       BUFG (Prop_bufg_I_O)         0.091     1.179 r  DarkEnhance_i/processing_system7_0/inst/buffer_fclk_clk_0.FCLK_CLK_0_BUFG/O
                         net (fo=19984, routed)       1.643     2.822    <hidden>
    SLICE_X7Y26          FDCE                                         r  <hidden>

Slack:                    inf
  Source:                 DarkEnhance_i/smartconnect_0/inst/clk_map/psr_aclk/U0/ACTIVE_LOW_BSR_OUT_DFF[0].FDRE_BSR_N/C
                            (rising edge-triggered cell FDRE clocked by clk_fpga_0  {rise@0.000ns fall@10.000ns period=20.000ns})
  Destination:            <hidden>
                            (recovery check against rising-edge clock clk_fpga_0  {rise@0.000ns fall@10.000ns period=20.000ns})
  Path Group:             (none)
  Path Type:              Recovery (Max at Slow Process Corner)
  Data Path Delay:        7.702ns  (logic 0.610ns (7.920%)  route 7.092ns (92.080%))
  Logic Levels:           1  (LUT1=1)
  Clock Path Skew:        -0.199ns (DCD - SCD + CPR)
    Destination Clock Delay (DCD):    2.822ns
    Source Clock Delay      (SCD):    3.021ns
    Clock Pessimism Removal (CPR):    0.000ns
  Clock Uncertainty:      0.302ns  ((TSJ^2 + TIJ^2)^1/2 + DJ) / 2 + PE
    Total System Jitter     (TSJ):    0.071ns
    Total Input Jitter      (TIJ):    0.600ns
    Discrete Jitter          (DJ):    0.000ns
    Phase Error              (PE):    0.000ns
  Timing Exception:       False Path

    Location             Delay type                Incr(ns)  Path(ns)    Netlist Resource(s)
  -------------------------------------------------------------------    -------------------
                         (clock clk_fpga_0 rise edge)
                                                      0.000     0.000 r  
    PS7_X0Y0             PS7                          0.000     0.000 r  DarkEnhance_i/processing_system7_0/inst/PS7_i/FCLKCLK[0]
                         net (fo=1, routed)           1.193     1.193    DarkEnhance_i/processing_system7_0/inst/FCLK_CLK_unbuffered[0]
    BUFGCTRL_X0Y16       BUFG (Prop_bufg_I_O)         0.101     1.294 r  DarkEnhance_i/processing_system7_0/inst/buffer_fclk_clk_0.FCLK_CLK_0_BUFG/O
                         net (fo=19984, routed)       1.727     3.021    DarkEnhance_i/smartconnect_0/inst/clk_map/psr_aclk/U0/aclk
    SLICE_X88Y19         FDRE                                         r  DarkEnhance_i/smartconnect_0/inst/clk_map/psr_aclk/U0/ACTIVE_LOW_BSR_OUT_DFF[0].FDRE_BSR_N/C
  -------------------------------------------------------------------    -------------------
    SLICE_X88Y19         FDRE (Prop_fdre_C_Q)         0.456     3.477 r  DarkEnhance_i/smartconnect_0/inst/clk_map/psr_aclk/U0/ACTIVE_LOW_BSR_OUT_DFF[0].FDRE_BSR_N/Q
                         net (fo=64, routed)          6.456     9.933    <hidden>
    SLICE_X7Y26          LUT1 (Prop_lut1_I0_O)        0.154    10.087 f  <hidden>
                         net (fo=3, routed)           0.636    10.723    <hidden>
    SLICE_X7Y26          FDCE                                         f  <hidden>
  -------------------------------------------------------------------    -------------------

                         (clock clk_fpga_0 rise edge)
                                                      0.000     0.000 r  
    PS7_X0Y0             PS7                          0.000     0.000 r  DarkEnhance_i/processing_system7_0/inst/PS7_i/FCLKCLK[0]
                         net (fo=1, routed)           1.088     1.088    DarkEnhance_i/processing_system7_0/inst/FCLK_CLK_unbuffered[0]
    BUFGCTRL_X0Y16       BUFG (Prop_bufg_I_O)         0.091     1.179 r  DarkEnhance_i/processing_system7_0/inst/buffer_fclk_clk_0.FCLK_CLK_0_BUFG/O
                         net (fo=19984, routed)       1.643     2.822    <hidden>
    SLICE_X7Y26          FDCE                                         r  <hidden>

Slack:                    inf
  Source:                 DarkEnhance_i/smartconnect_0/inst/clk_map/psr_aclk/U0/ACTIVE_LOW_BSR_OUT_DFF[0].FDRE_BSR_N/C
                            (rising edge-triggered cell FDRE clocked by clk_fpga_0  {rise@0.000ns fall@10.000ns period=20.000ns})
  Destination:            <hidden>
                            (recovery check against rising-edge clock clk_fpga_0  {rise@0.000ns fall@10.000ns period=20.000ns})
  Path Group:             (none)
  Path Type:              Recovery (Max at Slow Process Corner)
  Data Path Delay:        7.574ns  (logic 0.580ns (7.658%)  route 6.994ns (92.342%))
  Logic Levels:           1  (LUT1=1)
  Clock Path Skew:        -0.201ns (DCD - SCD + CPR)
    Destination Clock Delay (DCD):    2.820ns
    Source Clock Delay      (SCD):    3.021ns
    Clock Pessimism Removal (CPR):    0.000ns
  Clock Uncertainty:      0.302ns  ((TSJ^2 + TIJ^2)^1/2 + DJ) / 2 + PE
    Total System Jitter     (TSJ):    0.071ns
    Total Input Jitter      (TIJ):    0.600ns
    Discrete Jitter          (DJ):    0.000ns
    Phase Error              (PE):    0.000ns
  Timing Exception:       False Path

    Location             Delay type                Incr(ns)  Path(ns)    Netlist Resource(s)
  -------------------------------------------------------------------    -------------------
                         (clock clk_fpga_0 rise edge)
                                                      0.000     0.000 r  
    PS7_X0Y0             PS7                          0.000     0.000 r  DarkEnhance_i/processing_system7_0/inst/PS7_i/FCLKCLK[0]
                         net (fo=1, routed)           1.193     1.193    DarkEnhance_i/processing_system7_0/inst/FCLK_CLK_unbuffered[0]
    BUFGCTRL_X0Y16       BUFG (Prop_bufg_I_O)         0.101     1.294 r  DarkEnhance_i/processing_system7_0/inst/buffer_fclk_clk_0.FCLK_CLK_0_BUFG/O
                         net (fo=19984, routed)       1.727     3.021    DarkEnhance_i/smartconnect_0/inst/clk_map/psr_aclk/U0/aclk
    SLICE_X88Y19         FDRE                                         r  DarkEnhance_i/smartconnect_0/inst/clk_map/psr_aclk/U0/ACTIVE_LOW_BSR_OUT_DFF[0].FDRE_BSR_N/C
  -------------------------------------------------------------------    -------------------
    SLICE_X88Y19         FDRE (Prop_fdre_C_Q)         0.456     3.477 r  DarkEnhance_i/smartconnect_0/inst/clk_map/psr_aclk/U0/ACTIVE_LOW_BSR_OUT_DFF[0].FDRE_BSR_N/Q
                         net (fo=64, routed)          6.456     9.933    <hidden>
    SLICE_X7Y26          LUT1 (Prop_lut1_I0_O)        0.124    10.057 f  <hidden>
                         net (fo=3, routed)           0.538    10.595    <hidden>
    SLICE_X7Y25          FDCE                                         f  <hidden>
  -------------------------------------------------------------------    -------------------

                         (clock clk_fpga_0 rise edge)
                                                      0.000     0.000 r  
    PS7_X0Y0             PS7                          0.000     0.000 r  DarkEnhance_i/processing_system7_0/inst/PS7_i/FCLKCLK[0]
                         net (fo=1, routed)           1.088     1.088    DarkEnhance_i/processing_system7_0/inst/FCLK_CLK_unbuffered[0]
    BUFGCTRL_X0Y16       BUFG (Prop_bufg_I_O)         0.091     1.179 r  DarkEnhance_i/processing_system7_0/inst/buffer_fclk_clk_0.FCLK_CLK_0_BUFG/O
                         net (fo=19984, routed)       1.641     2.820    <hidden>
    SLICE_X7Y25          FDCE                                         r  <hidden>

Slack:                    inf
  Source:                 DarkEnhance_i/smartconnect_0/inst/clk_map/psr_aclk/U0/ACTIVE_LOW_BSR_OUT_DFF[0].FDRE_BSR_N/C
                            (rising edge-triggered cell FDRE clocked by clk_fpga_0  {rise@0.000ns fall@10.000ns period=20.000ns})
  Destination:            <hidden>
                            (recovery check against rising-edge clock clk_fpga_0  {rise@0.000ns fall@10.000ns period=20.000ns})
  Path Group:             (none)
  Path Type:              Recovery (Max at Slow Process Corner)
  Data Path Delay:        7.574ns  (logic 0.580ns (7.658%)  route 6.994ns (92.342%))
  Logic Levels:           1  (LUT1=1)
  Clock Path Skew:        -0.201ns (DCD - SCD + CPR)
    Destination Clock Delay (DCD):    2.820ns
    Source Clock Delay      (SCD):    3.021ns
    Clock Pessimism Removal (CPR):    0.000ns
  Clock Uncertainty:      0.302ns  ((TSJ^2 + TIJ^2)^1/2 + DJ) / 2 + PE
    Total System Jitter     (TSJ):    0.071ns
    Total Input Jitter      (TIJ):    0.600ns
    Discrete Jitter          (DJ):    0.000ns
    Phase Error              (PE):    0.000ns
  Timing Exception:       False Path

    Location             Delay type                Incr(ns)  Path(ns)    Netlist Resource(s)
  -------------------------------------------------------------------    -------------------
                         (clock clk_fpga_0 rise edge)
                                                      0.000     0.000 r  
    PS7_X0Y0             PS7                          0.000     0.000 r  DarkEnhance_i/processing_system7_0/inst/PS7_i/FCLKCLK[0]
                         net (fo=1, routed)           1.193     1.193    DarkEnhance_i/processing_system7_0/inst/FCLK_CLK_unbuffered[0]
    BUFGCTRL_X0Y16       BUFG (Prop_bufg_I_O)         0.101     1.294 r  DarkEnhance_i/processing_system7_0/inst/buffer_fclk_clk_0.FCLK_CLK_0_BUFG/O
                         net (fo=19984, routed)       1.727     3.021    DarkEnhance_i/smartconnect_0/inst/clk_map/psr_aclk/U0/aclk
    SLICE_X88Y19         FDRE                                         r  DarkEnhance_i/smartconnect_0/inst/clk_map/psr_aclk/U0/ACTIVE_LOW_BSR_OUT_DFF[0].FDRE_BSR_N/C
  -------------------------------------------------------------------    -------------------
    SLICE_X88Y19         FDRE (Prop_fdre_C_Q)         0.456     3.477 r  DarkEnhance_i/smartconnect_0/inst/clk_map/psr_aclk/U0/ACTIVE_LOW_BSR_OUT_DFF[0].FDRE_BSR_N/Q
                         net (fo=64, routed)          6.456     9.933    <hidden>
    SLICE_X7Y26          LUT1 (Prop_lut1_I0_O)        0.124    10.057 f  <hidden>
                         net (fo=3, routed)           0.538    10.595    <hidden>
    SLICE_X7Y25          FDCE                                         f  <hidden>
  -------------------------------------------------------------------    -------------------

                         (clock clk_fpga_0 rise edge)
                                                      0.000     0.000 r  
    PS7_X0Y0             PS7                          0.000     0.000 r  DarkEnhance_i/processing_system7_0/inst/PS7_i/FCLKCLK[0]
                         net (fo=1, routed)           1.088     1.088    DarkEnhance_i/processing_system7_0/inst/FCLK_CLK_unbuffered[0]
    BUFGCTRL_X0Y16       BUFG (Prop_bufg_I_O)         0.091     1.179 r  DarkEnhance_i/processing_system7_0/inst/buffer_fclk_clk_0.FCLK_CLK_0_BUFG/O
                         net (fo=19984, routed)       1.641     2.820    <hidden>
    SLICE_X7Y25          FDCE                                         r  <hidden>

Slack:                    inf
  Source:                 DarkEnhance_i/smartconnect_0/inst/clk_map/psr_aclk/U0/ACTIVE_LOW_BSR_OUT_DFF[0].FDRE_BSR_N/C
                            (rising edge-triggered cell FDRE clocked by clk_fpga_0  {rise@0.000ns fall@10.000ns period=20.000ns})
  Destination:            <hidden>
                            (recovery check against rising-edge clock clk_fpga_0  {rise@0.000ns fall@10.000ns period=20.000ns})
  Path Group:             (none)
  Path Type:              Recovery (Max at Slow Process Corner)
  Data Path Delay:        7.574ns  (logic 0.580ns (7.658%)  route 6.994ns (92.342%))
  Logic Levels:           1  (LUT1=1)
  Clock Path Skew:        -0.201ns (DCD - SCD + CPR)
    Destination Clock Delay (DCD):    2.820ns
    Source Clock Delay      (SCD):    3.021ns
    Clock Pessimism Removal (CPR):    0.000ns
  Clock Uncertainty:      0.302ns  ((TSJ^2 + TIJ^2)^1/2 + DJ) / 2 + PE
    Total System Jitter     (TSJ):    0.071ns
    Total Input Jitter      (TIJ):    0.600ns
    Discrete Jitter          (DJ):    0.000ns
    Phase Error              (PE):    0.000ns
  Timing Exception:       False Path

    Location             Delay type                Incr(ns)  Path(ns)    Netlist Resource(s)
  -------------------------------------------------------------------    -------------------
                         (clock clk_fpga_0 rise edge)
                                                      0.000     0.000 r  
    PS7_X0Y0             PS7                          0.000     0.000 r  DarkEnhance_i/processing_system7_0/inst/PS7_i/FCLKCLK[0]
                         net (fo=1, routed)           1.193     1.193    DarkEnhance_i/processing_system7_0/inst/FCLK_CLK_unbuffered[0]
    BUFGCTRL_X0Y16       BUFG (Prop_bufg_I_O)         0.101     1.294 r  DarkEnhance_i/processing_system7_0/inst/buffer_fclk_clk_0.FCLK_CLK_0_BUFG/O
                         net (fo=19984, routed)       1.727     3.021    DarkEnhance_i/smartconnect_0/inst/clk_map/psr_aclk/U0/aclk
    SLICE_X88Y19         FDRE                                         r  DarkEnhance_i/smartconnect_0/inst/clk_map/psr_aclk/U0/ACTIVE_LOW_BSR_OUT_DFF[0].FDRE_BSR_N/C
  -------------------------------------------------------------------    -------------------
    SLICE_X88Y19         FDRE (Prop_fdre_C_Q)         0.456     3.477 r  DarkEnhance_i/smartconnect_0/inst/clk_map/psr_aclk/U0/ACTIVE_LOW_BSR_OUT_DFF[0].FDRE_BSR_N/Q
                         net (fo=64, routed)          6.456     9.933    <hidden>
    SLICE_X7Y26          LUT1 (Prop_lut1_I0_O)        0.124    10.057 f  <hidden>
                         net (fo=3, routed)           0.538    10.595    <hidden>
    SLICE_X7Y25          FDCE                                         f  <hidden>
  -------------------------------------------------------------------    -------------------

                         (clock clk_fpga_0 rise edge)
                                                      0.000     0.000 r  
    PS7_X0Y0             PS7                          0.000     0.000 r  DarkEnhance_i/processing_system7_0/inst/PS7_i/FCLKCLK[0]
                         net (fo=1, routed)           1.088     1.088    DarkEnhance_i/processing_system7_0/inst/FCLK_CLK_unbuffered[0]
    BUFGCTRL_X0Y16       BUFG (Prop_bufg_I_O)         0.091     1.179 r  DarkEnhance_i/processing_system7_0/inst/buffer_fclk_clk_0.FCLK_CLK_0_BUFG/O
                         net (fo=19984, routed)       1.641     2.820    <hidden>
    SLICE_X7Y25          FDCE                                         r  <hidden>

Slack:                    inf
  Source:                 DarkEnhance_i/smartconnect_0/inst/clk_map/psr_aclk/U0/ACTIVE_LOW_BSR_OUT_DFF[0].FDRE_BSR_N/C
                            (rising edge-triggered cell FDRE clocked by clk_fpga_0  {rise@0.000ns fall@10.000ns period=20.000ns})
  Destination:            <hidden>
                            (recovery check against rising-edge clock clk_fpga_0  {rise@0.000ns fall@10.000ns period=20.000ns})
  Path Group:             (none)
  Path Type:              Recovery (Max at Slow Process Corner)
  Data Path Delay:        7.517ns  (logic 0.580ns (7.716%)  route 6.937ns (92.284%))
  Logic Levels:           1  (LUT1=1)
  Clock Path Skew:        -0.190ns (DCD - SCD + CPR)
    Destination Clock Delay (DCD):    2.831ns
    Source Clock Delay      (SCD):    3.021ns
    Clock Pessimism Removal (CPR):    0.000ns
  Clock Uncertainty:      0.302ns  ((TSJ^2 + TIJ^2)^1/2 + DJ) / 2 + PE
    Total System Jitter     (TSJ):    0.071ns
    Total Input Jitter      (TIJ):    0.600ns
    Discrete Jitter          (DJ):    0.000ns
    Phase Error              (PE):    0.000ns
  Timing Exception:       False Path

    Location             Delay type                Incr(ns)  Path(ns)    Netlist Resource(s)
  -------------------------------------------------------------------    -------------------
                         (clock clk_fpga_0 rise edge)
                                                      0.000     0.000 r  
    PS7_X0Y0             PS7                          0.000     0.000 r  DarkEnhance_i/processing_system7_0/inst/PS7_i/FCLKCLK[0]
                         net (fo=1, routed)           1.193     1.193    DarkEnhance_i/processing_system7_0/inst/FCLK_CLK_unbuffered[0]
    BUFGCTRL_X0Y16       BUFG (Prop_bufg_I_O)         0.101     1.294 r  DarkEnhance_i/processing_system7_0/inst/buffer_fclk_clk_0.FCLK_CLK_0_BUFG/O
                         net (fo=19984, routed)       1.727     3.021    DarkEnhance_i/smartconnect_0/inst/clk_map/psr_aclk/U0/aclk
    SLICE_X88Y19         FDRE                                         r  DarkEnhance_i/smartconnect_0/inst/clk_map/psr_aclk/U0/ACTIVE_LOW_BSR_OUT_DFF[0].FDRE_BSR_N/C
  -------------------------------------------------------------------    -------------------
    SLICE_X88Y19         FDRE (Prop_fdre_C_Q)         0.456     3.477 r  DarkEnhance_i/smartconnect_0/inst/clk_map/psr_aclk/U0/ACTIVE_LOW_BSR_OUT_DFF[0].FDRE_BSR_N/Q
                         net (fo=64, routed)          6.550    10.027    <hidden>
    SLICE_X5Y34          LUT1 (Prop_lut1_I0_O)        0.124    10.151 f  <hidden>
                         net (fo=3, routed)           0.387    10.538    <hidden>
    SLICE_X5Y34          FDCE                                         f  <hidden>
  -------------------------------------------------------------------    -------------------

                         (clock clk_fpga_0 rise edge)
                                                      0.000     0.000 r  
    PS7_X0Y0             PS7                          0.000     0.000 r  DarkEnhance_i/processing_system7_0/inst/PS7_i/FCLKCLK[0]
                         net (fo=1, routed)           1.088     1.088    DarkEnhance_i/processing_system7_0/inst/FCLK_CLK_unbuffered[0]
    BUFGCTRL_X0Y16       BUFG (Prop_bufg_I_O)         0.091     1.179 r  DarkEnhance_i/processing_system7_0/inst/buffer_fclk_clk_0.FCLK_CLK_0_BUFG/O
                         net (fo=19984, routed)       1.652     2.832    <hidden>
    SLICE_X5Y34          FDCE                                         r  <hidden>

Slack:                    inf
  Source:                 DarkEnhance_i/smartconnect_0/inst/clk_map/psr_aclk/U0/ACTIVE_LOW_BSR_OUT_DFF[0].FDRE_BSR_N/C
                            (rising edge-triggered cell FDRE clocked by clk_fpga_0  {rise@0.000ns fall@10.000ns period=20.000ns})
  Destination:            <hidden>
                            (recovery check against rising-edge clock clk_fpga_0  {rise@0.000ns fall@10.000ns period=20.000ns})
  Path Group:             (none)
  Path Type:              Recovery (Max at Slow Process Corner)
  Data Path Delay:        7.517ns  (logic 0.580ns (7.716%)  route 6.937ns (92.284%))
  Logic Levels:           1  (LUT1=1)
  Clock Path Skew:        -0.190ns (DCD - SCD + CPR)
    Destination Clock Delay (DCD):    2.831ns
    Source Clock Delay      (SCD):    3.021ns
    Clock Pessimism Removal (CPR):    0.000ns
  Clock Uncertainty:      0.302ns  ((TSJ^2 + TIJ^2)^1/2 + DJ) / 2 + PE
    Total System Jitter     (TSJ):    0.071ns
    Total Input Jitter      (TIJ):    0.600ns
    Discrete Jitter          (DJ):    0.000ns
    Phase Error              (PE):    0.000ns
  Timing Exception:       False Path

    Location             Delay type                Incr(ns)  Path(ns)    Netlist Resource(s)
  -------------------------------------------------------------------    -------------------
                         (clock clk_fpga_0 rise edge)
                                                      0.000     0.000 r  
    PS7_X0Y0             PS7                          0.000     0.000 r  DarkEnhance_i/processing_system7_0/inst/PS7_i/FCLKCLK[0]
                         net (fo=1, routed)           1.193     1.193    DarkEnhance_i/processing_system7_0/inst/FCLK_CLK_unbuffered[0]
    BUFGCTRL_X0Y16       BUFG (Prop_bufg_I_O)         0.101     1.294 r  DarkEnhance_i/processing_system7_0/inst/buffer_fclk_clk_0.FCLK_CLK_0_BUFG/O
                         net (fo=19984, routed)       1.727     3.021    DarkEnhance_i/smartconnect_0/inst/clk_map/psr_aclk/U0/aclk
    SLICE_X88Y19         FDRE                                         r  DarkEnhance_i/smartconnect_0/inst/clk_map/psr_aclk/U0/ACTIVE_LOW_BSR_OUT_DFF[0].FDRE_BSR_N/C
  -------------------------------------------------------------------    -------------------
    SLICE_X88Y19         FDRE (Prop_fdre_C_Q)         0.456     3.477 r  DarkEnhance_i/smartconnect_0/inst/clk_map/psr_aclk/U0/ACTIVE_LOW_BSR_OUT_DFF[0].FDRE_BSR_N/Q
                         net (fo=64, routed)          6.550    10.027    <hidden>
    SLICE_X5Y34          LUT1 (Prop_lut1_I0_O)        0.124    10.151 f  <hidden>
                         net (fo=3, routed)           0.387    10.538    <hidden>
    SLICE_X5Y34          FDCE                                         f  <hidden>
  -------------------------------------------------------------------    -------------------

                         (clock clk_fpga_0 rise edge)
                                                      0.000     0.000 r  
    PS7_X0Y0             PS7                          0.000     0.000 r  DarkEnhance_i/processing_system7_0/inst/PS7_i/FCLKCLK[0]
                         net (fo=1, routed)           1.088     1.088    DarkEnhance_i/processing_system7_0/inst/FCLK_CLK_unbuffered[0]
    BUFGCTRL_X0Y16       BUFG (Prop_bufg_I_O)         0.091     1.179 r  DarkEnhance_i/processing_system7_0/inst/buffer_fclk_clk_0.FCLK_CLK_0_BUFG/O
                         net (fo=19984, routed)       1.652     2.832    <hidden>
    SLICE_X5Y34          FDCE                                         r  <hidden>

Slack:                    inf
  Source:                 DarkEnhance_i/smartconnect_0/inst/clk_map/psr_aclk/U0/ACTIVE_LOW_BSR_OUT_DFF[0].FDRE_BSR_N/C
                            (rising edge-triggered cell FDRE clocked by clk_fpga_0  {rise@0.000ns fall@10.000ns period=20.000ns})
  Destination:            <hidden>
                            (recovery check against rising-edge clock clk_fpga_0  {rise@0.000ns fall@10.000ns period=20.000ns})
  Path Group:             (none)
  Path Type:              Recovery (Max at Slow Process Corner)
  Data Path Delay:        7.517ns  (logic 0.580ns (7.716%)  route 6.937ns (92.284%))
  Logic Levels:           1  (LUT1=1)
  Clock Path Skew:        -0.190ns (DCD - SCD + CPR)
    Destination Clock Delay (DCD):    2.831ns
    Source Clock Delay      (SCD):    3.021ns
    Clock Pessimism Removal (CPR):    0.000ns
  Clock Uncertainty:      0.302ns  ((TSJ^2 + TIJ^2)^1/2 + DJ) / 2 + PE
    Total System Jitter     (TSJ):    0.071ns
    Total Input Jitter      (TIJ):    0.600ns
    Discrete Jitter          (DJ):    0.000ns
    Phase Error              (PE):    0.000ns
  Timing Exception:       False Path

    Location             Delay type                Incr(ns)  Path(ns)    Netlist Resource(s)
  -------------------------------------------------------------------    -------------------
                         (clock clk_fpga_0 rise edge)
                                                      0.000     0.000 r  
    PS7_X0Y0             PS7                          0.000     0.000 r  DarkEnhance_i/processing_system7_0/inst/PS7_i/FCLKCLK[0]
                         net (fo=1, routed)           1.193     1.193    DarkEnhance_i/processing_system7_0/inst/FCLK_CLK_unbuffered[0]
    BUFGCTRL_X0Y16       BUFG (Prop_bufg_I_O)         0.101     1.294 r  DarkEnhance_i/processing_system7_0/inst/buffer_fclk_clk_0.FCLK_CLK_0_BUFG/O
                         net (fo=19984, routed)       1.727     3.021    DarkEnhance_i/smartconnect_0/inst/clk_map/psr_aclk/U0/aclk
    SLICE_X88Y19         FDRE                                         r  DarkEnhance_i/smartconnect_0/inst/clk_map/psr_aclk/U0/ACTIVE_LOW_BSR_OUT_DFF[0].FDRE_BSR_N/C
  -------------------------------------------------------------------    -------------------
    SLICE_X88Y19         FDRE (Prop_fdre_C_Q)         0.456     3.477 r  DarkEnhance_i/smartconnect_0/inst/clk_map/psr_aclk/U0/ACTIVE_LOW_BSR_OUT_DFF[0].FDRE_BSR_N/Q
                         net (fo=64, routed)          6.550    10.027    <hidden>
    SLICE_X5Y34          LUT1 (Prop_lut1_I0_O)        0.124    10.151 f  <hidden>
                         net (fo=3, routed)           0.387    10.538    <hidden>
    SLICE_X5Y34          FDCE                                         f  <hidden>
  -------------------------------------------------------------------    -------------------

                         (clock clk_fpga_0 rise edge)
                                                      0.000     0.000 r  
    PS7_X0Y0             PS7                          0.000     0.000 r  DarkEnhance_i/processing_system7_0/inst/PS7_i/FCLKCLK[0]
                         net (fo=1, routed)           1.088     1.088    DarkEnhance_i/processing_system7_0/inst/FCLK_CLK_unbuffered[0]
    BUFGCTRL_X0Y16       BUFG (Prop_bufg_I_O)         0.091     1.179 r  DarkEnhance_i/processing_system7_0/inst/buffer_fclk_clk_0.FCLK_CLK_0_BUFG/O
                         net (fo=19984, routed)       1.652     2.832    <hidden>
    SLICE_X5Y34          FDCE                                         r  <hidden>

Slack:                    inf
  Source:                 DarkEnhance_i/smartconnect_0/inst/clk_map/psr_aclk/U0/ACTIVE_LOW_BSR_OUT_DFF[0].FDRE_BSR_N/C
                            (rising edge-triggered cell FDRE clocked by clk_fpga_0  {rise@0.000ns fall@10.000ns period=20.000ns})
  Destination:            <hidden>
                            (recovery check against rising-edge clock clk_fpga_0  {rise@0.000ns fall@10.000ns period=20.000ns})
  Path Group:             (none)
  Path Type:              Recovery (Max at Slow Process Corner)
  Data Path Delay:        7.028ns  (logic 0.609ns (8.666%)  route 6.419ns (91.334%))
  Logic Levels:           1  (LUT1=1)
  Clock Path Skew:        -0.368ns (DCD - SCD + CPR)
    Destination Clock Delay (DCD):    2.653ns
    Source Clock Delay      (SCD):    3.021ns
    Clock Pessimism Removal (CPR):    0.000ns
  Clock Uncertainty:      0.302ns  ((TSJ^2 + TIJ^2)^1/2 + DJ) / 2 + PE
    Total System Jitter     (TSJ):    0.071ns
    Total Input Jitter      (TIJ):    0.600ns
    Discrete Jitter          (DJ):    0.000ns
    Phase Error              (PE):    0.000ns
  Timing Exception:       False Path

    Location             Delay type                Incr(ns)  Path(ns)    Netlist Resource(s)
  -------------------------------------------------------------------    -------------------
                         (clock clk_fpga_0 rise edge)
                                                      0.000     0.000 r  
    PS7_X0Y0             PS7                          0.000     0.000 r  DarkEnhance_i/processing_system7_0/inst/PS7_i/FCLKCLK[0]
                         net (fo=1, routed)           1.193     1.193    DarkEnhance_i/processing_system7_0/inst/FCLK_CLK_unbuffered[0]
    BUFGCTRL_X0Y16       BUFG (Prop_bufg_I_O)         0.101     1.294 r  DarkEnhance_i/processing_system7_0/inst/buffer_fclk_clk_0.FCLK_CLK_0_BUFG/O
                         net (fo=19984, routed)       1.727     3.021    DarkEnhance_i/smartconnect_0/inst/clk_map/psr_aclk/U0/aclk
    SLICE_X88Y19         FDRE                                         r  DarkEnhance_i/smartconnect_0/inst/clk_map/psr_aclk/U0/ACTIVE_LOW_BSR_OUT_DFF[0].FDRE_BSR_N/C
  -------------------------------------------------------------------    -------------------
    SLICE_X88Y19         FDRE (Prop_fdre_C_Q)         0.456     3.477 r  DarkEnhance_i/smartconnect_0/inst/clk_map/psr_aclk/U0/ACTIVE_LOW_BSR_OUT_DFF[0].FDRE_BSR_N/Q
                         net (fo=64, routed)          5.887     9.364    <hidden>
    SLICE_X46Y87         LUT1 (Prop_lut1_I0_O)        0.153     9.517 f  <hidden>
                         net (fo=3, routed)           0.532    10.049    <hidden>
    SLICE_X46Y87         FDCE                                         f  <hidden>
  -------------------------------------------------------------------    -------------------

                         (clock clk_fpga_0 rise edge)
                                                      0.000     0.000 r  
    PS7_X0Y0             PS7                          0.000     0.000 r  DarkEnhance_i/processing_system7_0/inst/PS7_i/FCLKCLK[0]
                         net (fo=1, routed)           1.088     1.088    DarkEnhance_i/processing_system7_0/inst/FCLK_CLK_unbuffered[0]
    BUFGCTRL_X0Y16       BUFG (Prop_bufg_I_O)         0.091     1.179 r  DarkEnhance_i/processing_system7_0/inst/buffer_fclk_clk_0.FCLK_CLK_0_BUFG/O
                         net (fo=19984, routed)       1.474     2.653    <hidden>
    SLICE_X46Y87         FDCE                                         r  <hidden>





Min Delay Paths
--------------------------------------------------------------------------------------
Slack:                    inf
  Source:                 DarkEnhance_i/DarkEnhance_0/inst/ack_reg/C
                            (rising edge-triggered cell FDRE clocked by clk_fpga_0  {rise@0.000ns fall@10.000ns period=20.000ns})
  Destination:            DarkEnhance_i/axi_gpio_2/U0/gpio_core_1/Dual.INPUT_DOUBLE_REGS4/GENERATE_LEVEL_P_S_CDC.MULTI_BIT.FOR_IN_cdc_to[0].CROSS2_PLEVEL_IN2SCNDRY_IN_cdc_to/D
                            (rising edge-triggered cell FDRE clocked by clk_fpga_0  {rise@0.000ns fall@10.000ns period=20.000ns})
  Path Group:             (none)
  Path Type:              Hold (Min at Fast Process Corner)
  Data Path Delay:        0.384ns  (logic 0.141ns (36.700%)  route 0.243ns (63.300%))
  Logic Levels:           0  
  Clock Path Skew:        0.296ns (DCD - SCD - CPR)
    Destination Clock Delay (DCD):    1.208ns
    Source Clock Delay      (SCD):    0.912ns
    Clock Pessimism Removal (CPR):    -0.000ns
  Clock Uncertainty:      0.302ns  ((TSJ^2 + TIJ^2)^1/2 + DJ) / 2 + PE
    Total System Jitter     (TSJ):    0.071ns
    Total Input Jitter      (TIJ):    0.600ns
    Discrete Jitter          (DJ):    0.000ns
    Phase Error              (PE):    0.000ns
  Timing Exception:       False Path

    Location             Delay type                Incr(ns)  Path(ns)    Netlist Resource(s)
  -------------------------------------------------------------------    -------------------
                         (clock clk_fpga_0 rise edge)
                                                      0.000     0.000 r  
    PS7_X0Y0             PS7                          0.000     0.000 r  DarkEnhance_i/processing_system7_0/inst/PS7_i/FCLKCLK[0]
                         net (fo=1, routed)           0.310     0.310    DarkEnhance_i/processing_system7_0/inst/FCLK_CLK_unbuffered[0]
    BUFGCTRL_X0Y16       BUFG (Prop_bufg_I_O)         0.026     0.336 r  DarkEnhance_i/processing_system7_0/inst/buffer_fclk_clk_0.FCLK_CLK_0_BUFG/O
                         net (fo=19984, routed)       0.576     0.912    DarkEnhance_i/DarkEnhance_0/inst/clk
    SLICE_X55Y17         FDRE                                         r  DarkEnhance_i/DarkEnhance_0/inst/ack_reg/C
  -------------------------------------------------------------------    -------------------
    SLICE_X55Y17         FDRE (Prop_fdre_C_Q)         0.141     1.053 r  DarkEnhance_i/DarkEnhance_0/inst/ack_reg/Q
                         net (fo=6, routed)           0.243     1.296    DarkEnhance_i/axi_gpio_2/U0/gpio_core_1/Dual.INPUT_DOUBLE_REGS4/gpio_io_i[0]
    SLICE_X55Y17         FDRE                                         r  DarkEnhance_i/axi_gpio_2/U0/gpio_core_1/Dual.INPUT_DOUBLE_REGS4/GENERATE_LEVEL_P_S_CDC.MULTI_BIT.FOR_IN_cdc_to[0].CROSS2_PLEVEL_IN2SCNDRY_IN_cdc_to/D
  -------------------------------------------------------------------    -------------------

                         (clock clk_fpga_0 rise edge)
                                                      0.000     0.000 r  
    PS7_X0Y0             PS7                          0.000     0.000 r  DarkEnhance_i/processing_system7_0/inst/PS7_i/FCLKCLK[0]
                         net (fo=1, routed)           0.337     0.337    DarkEnhance_i/processing_system7_0/inst/FCLK_CLK_unbuffered[0]
    BUFGCTRL_X0Y16       BUFG (Prop_bufg_I_O)         0.029     0.366 r  DarkEnhance_i/processing_system7_0/inst/buffer_fclk_clk_0.FCLK_CLK_0_BUFG/O
                         net (fo=19984, routed)       0.842     1.208    DarkEnhance_i/axi_gpio_2/U0/gpio_core_1/Dual.INPUT_DOUBLE_REGS4/s_axi_aclk
    SLICE_X55Y17         FDRE                                         r  DarkEnhance_i/axi_gpio_2/U0/gpio_core_1/Dual.INPUT_DOUBLE_REGS4/GENERATE_LEVEL_P_S_CDC.MULTI_BIT.FOR_IN_cdc_to[0].CROSS2_PLEVEL_IN2SCNDRY_IN_cdc_to/C

Slack:                    inf
  Source:                 DarkEnhance_i/DarkEnhance_0/inst/done_reg_reg/C
                            (rising edge-triggered cell FDRE clocked by clk_fpga_0  {rise@0.000ns fall@10.000ns period=20.000ns})
  Destination:            DarkEnhance_i/axi_gpio_3/U0/gpio_core_1/Not_Dual.INPUT_DOUBLE_REGS3/GENERATE_LEVEL_P_S_CDC.MULTI_BIT.FOR_IN_cdc_to[0].CROSS2_PLEVEL_IN2SCNDRY_IN_cdc_to/D
                            (rising edge-triggered cell FDRE clocked by clk_fpga_0  {rise@0.000ns fall@10.000ns period=20.000ns})
  Path Group:             (none)
  Path Type:              Hold (Min at Fast Process Corner)
  Data Path Delay:        0.454ns  (logic 0.141ns (31.054%)  route 0.313ns (68.946%))
  Logic Levels:           0  
  Clock Path Skew:        0.290ns (DCD - SCD - CPR)
    Destination Clock Delay (DCD):    1.211ns
    Source Clock Delay      (SCD):    0.921ns
    Clock Pessimism Removal (CPR):    -0.000ns
  Clock Uncertainty:      0.302ns  ((TSJ^2 + TIJ^2)^1/2 + DJ) / 2 + PE
    Total System Jitter     (TSJ):    0.071ns
    Total Input Jitter      (TIJ):    0.600ns
    Discrete Jitter          (DJ):    0.000ns
    Phase Error              (PE):    0.000ns
  Timing Exception:       False Path

    Location             Delay type                Incr(ns)  Path(ns)    Netlist Resource(s)
  -------------------------------------------------------------------    -------------------
                         (clock clk_fpga_0 rise edge)
                                                      0.000     0.000 r  
    PS7_X0Y0             PS7                          0.000     0.000 r  DarkEnhance_i/processing_system7_0/inst/PS7_i/FCLKCLK[0]
                         net (fo=1, routed)           0.310     0.310    DarkEnhance_i/processing_system7_0/inst/FCLK_CLK_unbuffered[0]
    BUFGCTRL_X0Y16       BUFG (Prop_bufg_I_O)         0.026     0.336 r  DarkEnhance_i/processing_system7_0/inst/buffer_fclk_clk_0.FCLK_CLK_0_BUFG/O
                         net (fo=19984, routed)       0.585     0.921    DarkEnhance_i/DarkEnhance_0/inst/clk
    SLICE_X77Y12         FDRE                                         r  DarkEnhance_i/DarkEnhance_0/inst/done_reg_reg/C
  -------------------------------------------------------------------    -------------------
    SLICE_X77Y12         FDRE (Prop_fdre_C_Q)         0.141     1.062 r  DarkEnhance_i/DarkEnhance_0/inst/done_reg_reg/Q
                         net (fo=40, routed)          0.313     1.375    DarkEnhance_i/axi_gpio_3/U0/gpio_core_1/Not_Dual.INPUT_DOUBLE_REGS3/gpio_io_i[0]
    SLICE_X74Y19         FDRE                                         r  DarkEnhance_i/axi_gpio_3/U0/gpio_core_1/Not_Dual.INPUT_DOUBLE_REGS3/GENERATE_LEVEL_P_S_CDC.MULTI_BIT.FOR_IN_cdc_to[0].CROSS2_PLEVEL_IN2SCNDRY_IN_cdc_to/D
  -------------------------------------------------------------------    -------------------

                         (clock clk_fpga_0 rise edge)
                                                      0.000     0.000 r  
    PS7_X0Y0             PS7                          0.000     0.000 r  DarkEnhance_i/processing_system7_0/inst/PS7_i/FCLKCLK[0]
                         net (fo=1, routed)           0.337     0.337    DarkEnhance_i/processing_system7_0/inst/FCLK_CLK_unbuffered[0]
    BUFGCTRL_X0Y16       BUFG (Prop_bufg_I_O)         0.029     0.366 r  DarkEnhance_i/processing_system7_0/inst/buffer_fclk_clk_0.FCLK_CLK_0_BUFG/O
                         net (fo=19984, routed)       0.845     1.211    DarkEnhance_i/axi_gpio_3/U0/gpio_core_1/Not_Dual.INPUT_DOUBLE_REGS3/s_axi_aclk
    SLICE_X74Y19         FDRE                                         r  DarkEnhance_i/axi_gpio_3/U0/gpio_core_1/Not_Dual.INPUT_DOUBLE_REGS3/GENERATE_LEVEL_P_S_CDC.MULTI_BIT.FOR_IN_cdc_to[0].CROSS2_PLEVEL_IN2SCNDRY_IN_cdc_to/C

Slack:                    inf
  Source:                 DarkEnhance_i/DarkEnhance_0/inst/valid_reg/C
                            (rising edge-triggered cell FDRE clocked by clk_fpga_0  {rise@0.000ns fall@10.000ns period=20.000ns})
  Destination:            DarkEnhance_i/axi_gpio_2/U0/gpio_core_1/Dual.INPUT_DOUBLE_REGS5/GENERATE_LEVEL_P_S_CDC.MULTI_BIT.FOR_IN_cdc_to[0].CROSS2_PLEVEL_IN2SCNDRY_IN_cdc_to/D
                            (rising edge-triggered cell FDRE clocked by clk_fpga_0  {rise@0.000ns fall@10.000ns period=20.000ns})
  Path Group:             (none)
  Path Type:              Hold (Min at Fast Process Corner)
  Data Path Delay:        0.623ns  (logic 0.141ns (22.644%)  route 0.482ns (77.356%))
  Logic Levels:           0  
  Clock Path Skew:        0.291ns (DCD - SCD - CPR)
    Destination Clock Delay (DCD):    1.213ns
    Source Clock Delay      (SCD):    0.922ns
    Clock Pessimism Removal (CPR):    -0.000ns
  Clock Uncertainty:      0.302ns  ((TSJ^2 + TIJ^2)^1/2 + DJ) / 2 + PE
    Total System Jitter     (TSJ):    0.071ns
    Total Input Jitter      (TIJ):    0.600ns
    Discrete Jitter          (DJ):    0.000ns
    Phase Error              (PE):    0.000ns
  Timing Exception:       False Path

    Location             Delay type                Incr(ns)  Path(ns)    Netlist Resource(s)
  -------------------------------------------------------------------    -------------------
                         (clock clk_fpga_0 rise edge)
                                                      0.000     0.000 r  
    PS7_X0Y0             PS7                          0.000     0.000 r  DarkEnhance_i/processing_system7_0/inst/PS7_i/FCLKCLK[0]
                         net (fo=1, routed)           0.310     0.310    DarkEnhance_i/processing_system7_0/inst/FCLK_CLK_unbuffered[0]
    BUFGCTRL_X0Y16       BUFG (Prop_bufg_I_O)         0.026     0.336 r  DarkEnhance_i/processing_system7_0/inst/buffer_fclk_clk_0.FCLK_CLK_0_BUFG/O
                         net (fo=19984, routed)       0.586     0.922    DarkEnhance_i/DarkEnhance_0/inst/clk
    SLICE_X71Y7          FDRE                                         r  DarkEnhance_i/DarkEnhance_0/inst/valid_reg/C
  -------------------------------------------------------------------    -------------------
    SLICE_X71Y7          FDRE (Prop_fdre_C_Q)         0.141     1.063 r  DarkEnhance_i/DarkEnhance_0/inst/valid_reg/Q
                         net (fo=36, routed)          0.482     1.544    DarkEnhance_i/axi_gpio_2/U0/gpio_core_1/Dual.INPUT_DOUBLE_REGS5/gpio2_io_i[0]
    SLICE_X71Y16         FDRE                                         r  DarkEnhance_i/axi_gpio_2/U0/gpio_core_1/Dual.INPUT_DOUBLE_REGS5/GENERATE_LEVEL_P_S_CDC.MULTI_BIT.FOR_IN_cdc_to[0].CROSS2_PLEVEL_IN2SCNDRY_IN_cdc_to/D
  -------------------------------------------------------------------    -------------------

                         (clock clk_fpga_0 rise edge)
                                                      0.000     0.000 r  
    PS7_X0Y0             PS7                          0.000     0.000 r  DarkEnhance_i/processing_system7_0/inst/PS7_i/FCLKCLK[0]
                         net (fo=1, routed)           0.337     0.337    DarkEnhance_i/processing_system7_0/inst/FCLK_CLK_unbuffered[0]
    BUFGCTRL_X0Y16       BUFG (Prop_bufg_I_O)         0.029     0.366 r  DarkEnhance_i/processing_system7_0/inst/buffer_fclk_clk_0.FCLK_CLK_0_BUFG/O
                         net (fo=19984, routed)       0.847     1.213    DarkEnhance_i/axi_gpio_2/U0/gpio_core_1/Dual.INPUT_DOUBLE_REGS5/s_axi_aclk
    SLICE_X71Y16         FDRE                                         r  DarkEnhance_i/axi_gpio_2/U0/gpio_core_1/Dual.INPUT_DOUBLE_REGS5/GENERATE_LEVEL_P_S_CDC.MULTI_BIT.FOR_IN_cdc_to[0].CROSS2_PLEVEL_IN2SCNDRY_IN_cdc_to/C

Slack:                    inf
  Source:                 DarkEnhance_i/rst_ps7_0_50M/U0/ACTIVE_LOW_BSR_OUT_DFF[0].FDRE_BSR_N/C
                            (rising edge-triggered cell FDRE clocked by clk_fpga_0  {rise@0.000ns fall@10.000ns period=20.000ns})
  Destination:            DarkEnhance_i/smartconnect_0/inst/clk_map/psr_aclk/U0/EXT_LPF/ACTIVE_LOW_AUX.ACT_LO_AUX/GENERATE_LEVEL_P_S_CDC.SINGLE_BIT.CROSS_PLEVEL_IN2SCNDRY_IN_cdc_to/D
                            (rising edge-triggered cell FDRE clocked by clk_fpga_0  {rise@0.000ns fall@10.000ns period=20.000ns})
  Path Group:             (none)
  Path Type:              Hold (Min at Fast Process Corner)
  Data Path Delay:        0.719ns  (logic 0.209ns (29.084%)  route 0.510ns (70.916%))
  Logic Levels:           1  (LUT1=1)
  Clock Path Skew:        0.297ns (DCD - SCD - CPR)
    Destination Clock Delay (DCD):    1.222ns
    Source Clock Delay      (SCD):    0.925ns
    Clock Pessimism Removal (CPR):    -0.000ns
  Clock Uncertainty:      0.302ns  ((TSJ^2 + TIJ^2)^1/2 + DJ) / 2 + PE
    Total System Jitter     (TSJ):    0.071ns
    Total Input Jitter      (TIJ):    0.600ns
    Discrete Jitter          (DJ):    0.000ns
    Phase Error              (PE):    0.000ns
  Timing Exception:       False Path

    Location             Delay type                Incr(ns)  Path(ns)    Netlist Resource(s)
  -------------------------------------------------------------------    -------------------
                         (clock clk_fpga_0 rise edge)
                                                      0.000     0.000 r  
    PS7_X0Y0             PS7                          0.000     0.000 r  DarkEnhance_i/processing_system7_0/inst/PS7_i/FCLKCLK[0]
                         net (fo=1, routed)           0.310     0.310    DarkEnhance_i/processing_system7_0/inst/FCLK_CLK_unbuffered[0]
    BUFGCTRL_X0Y16       BUFG (Prop_bufg_I_O)         0.026     0.336 r  DarkEnhance_i/processing_system7_0/inst/buffer_fclk_clk_0.FCLK_CLK_0_BUFG/O
                         net (fo=19984, routed)       0.589     0.925    DarkEnhance_i/rst_ps7_0_50M/U0/slowest_sync_clk
    SLICE_X86Y9          FDRE                                         r  DarkEnhance_i/rst_ps7_0_50M/U0/ACTIVE_LOW_BSR_OUT_DFF[0].FDRE_BSR_N/C
  -------------------------------------------------------------------    -------------------
    SLICE_X86Y9          FDRE (Prop_fdre_C_Q)         0.164     1.089 f  DarkEnhance_i/rst_ps7_0_50M/U0/ACTIVE_LOW_BSR_OUT_DFF[0].FDRE_BSR_N/Q
                         net (fo=1, routed)           0.289     1.378    DarkEnhance_i/smartconnect_0/inst/clk_map/psr_aclk/U0/EXT_LPF/ACTIVE_LOW_AUX.ACT_LO_AUX/aresetn
    SLICE_X86Y9          LUT1 (Prop_lut1_I0_O)        0.045     1.423 r  DarkEnhance_i/smartconnect_0/inst/clk_map/psr_aclk/U0/EXT_LPF/ACTIVE_LOW_AUX.ACT_LO_AUX/GENERATE_LEVEL_P_S_CDC.SINGLE_BIT.CROSS_PLEVEL_IN2SCNDRY_IN_cdc_to_i_1/O
                         net (fo=1, routed)           0.220     1.643    DarkEnhance_i/smartconnect_0/inst/clk_map/psr_aclk/U0/EXT_LPF/ACTIVE_LOW_AUX.ACT_LO_AUX/asr_d1
    SLICE_X86Y11         FDRE                                         r  DarkEnhance_i/smartconnect_0/inst/clk_map/psr_aclk/U0/EXT_LPF/ACTIVE_LOW_AUX.ACT_LO_AUX/GENERATE_LEVEL_P_S_CDC.SINGLE_BIT.CROSS_PLEVEL_IN2SCNDRY_IN_cdc_to/D
  -------------------------------------------------------------------    -------------------

                         (clock clk_fpga_0 rise edge)
                                                      0.000     0.000 r  
    PS7_X0Y0             PS7                          0.000     0.000 r  DarkEnhance_i/processing_system7_0/inst/PS7_i/FCLKCLK[0]
                         net (fo=1, routed)           0.337     0.337    DarkEnhance_i/processing_system7_0/inst/FCLK_CLK_unbuffered[0]
    BUFGCTRL_X0Y16       BUFG (Prop_bufg_I_O)         0.029     0.366 r  DarkEnhance_i/processing_system7_0/inst/buffer_fclk_clk_0.FCLK_CLK_0_BUFG/O
                         net (fo=19984, routed)       0.856     1.222    DarkEnhance_i/smartconnect_0/inst/clk_map/psr_aclk/U0/EXT_LPF/ACTIVE_LOW_AUX.ACT_LO_AUX/aclk
    SLICE_X86Y11         FDRE                                         r  DarkEnhance_i/smartconnect_0/inst/clk_map/psr_aclk/U0/EXT_LPF/ACTIVE_LOW_AUX.ACT_LO_AUX/GENERATE_LEVEL_P_S_CDC.SINGLE_BIT.CROSS_PLEVEL_IN2SCNDRY_IN_cdc_to/C

Slack:                    inf
  Source:                 DarkEnhance_i/smartconnect_0/inst/clk_map/psr_aclk/U0/ACTIVE_LOW_BSR_OUT_DFF[0].FDRE_BSR_N/C
                            (rising edge-triggered cell FDRE clocked by clk_fpga_0  {rise@0.000ns fall@10.000ns period=20.000ns})
  Destination:            <hidden>
                            (removal check against rising-edge clock clk_fpga_0  {rise@0.000ns fall@10.000ns period=20.000ns})
  Path Group:             (none)
  Path Type:              Removal (Min at Fast Process Corner)
  Data Path Delay:        0.776ns  (logic 0.186ns (23.978%)  route 0.590ns (76.022%))
  Logic Levels:           1  (LUT1=1)
  Clock Path Skew:        0.300ns (DCD - SCD - CPR)
    Destination Clock Delay (DCD):    1.218ns
    Source Clock Delay      (SCD):    0.918ns
    Clock Pessimism Removal (CPR):    -0.000ns
  Clock Uncertainty:      0.302ns  ((TSJ^2 + TIJ^2)^1/2 + DJ) / 2 + PE
    Total System Jitter     (TSJ):    0.071ns
    Total Input Jitter      (TIJ):    0.600ns
    Discrete Jitter          (DJ):    0.000ns
    Phase Error              (PE):    0.000ns
  Timing Exception:       False Path

    Location             Delay type                Incr(ns)  Path(ns)    Netlist Resource(s)
  -------------------------------------------------------------------    -------------------
                         (clock clk_fpga_0 rise edge)
                                                      0.000     0.000 r  
    PS7_X0Y0             PS7                          0.000     0.000 r  DarkEnhance_i/processing_system7_0/inst/PS7_i/FCLKCLK[0]
                         net (fo=1, routed)           0.310     0.310    DarkEnhance_i/processing_system7_0/inst/FCLK_CLK_unbuffered[0]
    BUFGCTRL_X0Y16       BUFG (Prop_bufg_I_O)         0.026     0.336 r  DarkEnhance_i/processing_system7_0/inst/buffer_fclk_clk_0.FCLK_CLK_0_BUFG/O
                         net (fo=19984, routed)       0.582     0.918    DarkEnhance_i/smartconnect_0/inst/clk_map/psr_aclk/U0/aclk
    SLICE_X88Y19         FDRE                                         r  DarkEnhance_i/smartconnect_0/inst/clk_map/psr_aclk/U0/ACTIVE_LOW_BSR_OUT_DFF[0].FDRE_BSR_N/C
  -------------------------------------------------------------------    -------------------
    SLICE_X88Y19         FDRE (Prop_fdre_C_Q)         0.141     1.059 r  DarkEnhance_i/smartconnect_0/inst/clk_map/psr_aclk/U0/ACTIVE_LOW_BSR_OUT_DFF[0].FDRE_BSR_N/Q
                         net (fo=64, routed)          0.383     1.441    <hidden>
    SLICE_X80Y19         LUT1 (Prop_lut1_I0_O)        0.045     1.486 f  <hidden>
                         net (fo=3, routed)           0.207     1.693    <hidden>
    SLICE_X80Y14         FDCE                                         f  <hidden>
  -------------------------------------------------------------------    -------------------

                         (clock clk_fpga_0 rise edge)
                                                      0.000     0.000 r  
    PS7_X0Y0             PS7                          0.000     0.000 r  DarkEnhance_i/processing_system7_0/inst/PS7_i/FCLKCLK[0]
                         net (fo=1, routed)           0.337     0.337    DarkEnhance_i/processing_system7_0/inst/FCLK_CLK_unbuffered[0]
    BUFGCTRL_X0Y16       BUFG (Prop_bufg_I_O)         0.029     0.366 r  DarkEnhance_i/processing_system7_0/inst/buffer_fclk_clk_0.FCLK_CLK_0_BUFG/O
                         net (fo=19984, routed)       0.852     1.218    <hidden>
    SLICE_X80Y14         FDCE                                         r  <hidden>

Slack:                    inf
  Source:                 DarkEnhance_i/smartconnect_0/inst/clk_map/psr_aclk/U0/ACTIVE_LOW_BSR_OUT_DFF[0].FDRE_BSR_N/C
                            (rising edge-triggered cell FDRE clocked by clk_fpga_0  {rise@0.000ns fall@10.000ns period=20.000ns})
  Destination:            <hidden>
                            (removal check against rising-edge clock clk_fpga_0  {rise@0.000ns fall@10.000ns period=20.000ns})
  Path Group:             (none)
  Path Type:              Removal (Min at Fast Process Corner)
  Data Path Delay:        0.776ns  (logic 0.186ns (23.978%)  route 0.590ns (76.022%))
  Logic Levels:           1  (LUT1=1)
  Clock Path Skew:        0.300ns (DCD - SCD - CPR)
    Destination Clock Delay (DCD):    1.218ns
    Source Clock Delay      (SCD):    0.918ns
    Clock Pessimism Removal (CPR):    -0.000ns
  Clock Uncertainty:      0.302ns  ((TSJ^2 + TIJ^2)^1/2 + DJ) / 2 + PE
    Total System Jitter     (TSJ):    0.071ns
    Total Input Jitter      (TIJ):    0.600ns
    Discrete Jitter          (DJ):    0.000ns
    Phase Error              (PE):    0.000ns
  Timing Exception:       False Path

    Location             Delay type                Incr(ns)  Path(ns)    Netlist Resource(s)
  -------------------------------------------------------------------    -------------------
                         (clock clk_fpga_0 rise edge)
                                                      0.000     0.000 r  
    PS7_X0Y0             PS7                          0.000     0.000 r  DarkEnhance_i/processing_system7_0/inst/PS7_i/FCLKCLK[0]
                         net (fo=1, routed)           0.310     0.310    DarkEnhance_i/processing_system7_0/inst/FCLK_CLK_unbuffered[0]
    BUFGCTRL_X0Y16       BUFG (Prop_bufg_I_O)         0.026     0.336 r  DarkEnhance_i/processing_system7_0/inst/buffer_fclk_clk_0.FCLK_CLK_0_BUFG/O
                         net (fo=19984, routed)       0.582     0.918    DarkEnhance_i/smartconnect_0/inst/clk_map/psr_aclk/U0/aclk
    SLICE_X88Y19         FDRE                                         r  DarkEnhance_i/smartconnect_0/inst/clk_map/psr_aclk/U0/ACTIVE_LOW_BSR_OUT_DFF[0].FDRE_BSR_N/C
  -------------------------------------------------------------------    -------------------
    SLICE_X88Y19         FDRE (Prop_fdre_C_Q)         0.141     1.059 r  DarkEnhance_i/smartconnect_0/inst/clk_map/psr_aclk/U0/ACTIVE_LOW_BSR_OUT_DFF[0].FDRE_BSR_N/Q
                         net (fo=64, routed)          0.383     1.441    <hidden>
    SLICE_X80Y19         LUT1 (Prop_lut1_I0_O)        0.045     1.486 f  <hidden>
                         net (fo=3, routed)           0.207     1.693    <hidden>
    SLICE_X80Y14         FDCE                                         f  <hidden>
  -------------------------------------------------------------------    -------------------

                         (clock clk_fpga_0 rise edge)
                                                      0.000     0.000 r  
    PS7_X0Y0             PS7                          0.000     0.000 r  DarkEnhance_i/processing_system7_0/inst/PS7_i/FCLKCLK[0]
                         net (fo=1, routed)           0.337     0.337    DarkEnhance_i/processing_system7_0/inst/FCLK_CLK_unbuffered[0]
    BUFGCTRL_X0Y16       BUFG (Prop_bufg_I_O)         0.029     0.366 r  DarkEnhance_i/processing_system7_0/inst/buffer_fclk_clk_0.FCLK_CLK_0_BUFG/O
                         net (fo=19984, routed)       0.852     1.218    <hidden>
    SLICE_X80Y14         FDCE                                         r  <hidden>

Slack:                    inf
  Source:                 DarkEnhance_i/smartconnect_0/inst/clk_map/psr_aclk/U0/ACTIVE_LOW_BSR_OUT_DFF[0].FDRE_BSR_N/C
                            (rising edge-triggered cell FDRE clocked by clk_fpga_0  {rise@0.000ns fall@10.000ns period=20.000ns})
  Destination:            <hidden>
                            (removal check against rising-edge clock clk_fpga_0  {rise@0.000ns fall@10.000ns period=20.000ns})
  Path Group:             (none)
  Path Type:              Removal (Min at Fast Process Corner)
  Data Path Delay:        0.776ns  (logic 0.186ns (23.978%)  route 0.590ns (76.022%))
  Logic Levels:           1  (LUT1=1)
  Clock Path Skew:        0.300ns (DCD - SCD - CPR)
    Destination Clock Delay (DCD):    1.218ns
    Source Clock Delay      (SCD):    0.918ns
    Clock Pessimism Removal (CPR):    -0.000ns
  Clock Uncertainty:      0.302ns  ((TSJ^2 + TIJ^2)^1/2 + DJ) / 2 + PE
    Total System Jitter     (TSJ):    0.071ns
    Total Input Jitter      (TIJ):    0.600ns
    Discrete Jitter          (DJ):    0.000ns
    Phase Error              (PE):    0.000ns
  Timing Exception:       False Path

    Location             Delay type                Incr(ns)  Path(ns)    Netlist Resource(s)
  -------------------------------------------------------------------    -------------------
                         (clock clk_fpga_0 rise edge)
                                                      0.000     0.000 r  
    PS7_X0Y0             PS7                          0.000     0.000 r  DarkEnhance_i/processing_system7_0/inst/PS7_i/FCLKCLK[0]
                         net (fo=1, routed)           0.310     0.310    DarkEnhance_i/processing_system7_0/inst/FCLK_CLK_unbuffered[0]
    BUFGCTRL_X0Y16       BUFG (Prop_bufg_I_O)         0.026     0.336 r  DarkEnhance_i/processing_system7_0/inst/buffer_fclk_clk_0.FCLK_CLK_0_BUFG/O
                         net (fo=19984, routed)       0.582     0.918    DarkEnhance_i/smartconnect_0/inst/clk_map/psr_aclk/U0/aclk
    SLICE_X88Y19         FDRE                                         r  DarkEnhance_i/smartconnect_0/inst/clk_map/psr_aclk/U0/ACTIVE_LOW_BSR_OUT_DFF[0].FDRE_BSR_N/C
  -------------------------------------------------------------------    -------------------
    SLICE_X88Y19         FDRE (Prop_fdre_C_Q)         0.141     1.059 r  DarkEnhance_i/smartconnect_0/inst/clk_map/psr_aclk/U0/ACTIVE_LOW_BSR_OUT_DFF[0].FDRE_BSR_N/Q
                         net (fo=64, routed)          0.383     1.441    <hidden>
    SLICE_X80Y19         LUT1 (Prop_lut1_I0_O)        0.045     1.486 f  <hidden>
                         net (fo=3, routed)           0.207     1.693    <hidden>
    SLICE_X80Y14         FDCE                                         f  <hidden>
  -------------------------------------------------------------------    -------------------

                         (clock clk_fpga_0 rise edge)
                                                      0.000     0.000 r  
    PS7_X0Y0             PS7                          0.000     0.000 r  DarkEnhance_i/processing_system7_0/inst/PS7_i/FCLKCLK[0]
                         net (fo=1, routed)           0.337     0.337    DarkEnhance_i/processing_system7_0/inst/FCLK_CLK_unbuffered[0]
    BUFGCTRL_X0Y16       BUFG (Prop_bufg_I_O)         0.029     0.366 r  DarkEnhance_i/processing_system7_0/inst/buffer_fclk_clk_0.FCLK_CLK_0_BUFG/O
                         net (fo=19984, routed)       0.852     1.218    <hidden>
    SLICE_X80Y14         FDCE                                         r  <hidden>

Slack:                    inf
  Source:                 DarkEnhance_i/smartconnect_0/inst/clk_map/psr_aclk/U0/ACTIVE_LOW_BSR_OUT_DFF[0].FDRE_BSR_N/C
                            (rising edge-triggered cell FDRE clocked by clk_fpga_0  {rise@0.000ns fall@10.000ns period=20.000ns})
  Destination:            <hidden>
                            (removal check against rising-edge clock clk_fpga_0  {rise@0.000ns fall@10.000ns period=20.000ns})
  Path Group:             (none)
  Path Type:              Removal (Min at Fast Process Corner)
  Data Path Delay:        0.794ns  (logic 0.186ns (23.421%)  route 0.608ns (76.579%))
  Logic Levels:           1  (LUT1=1)
  Clock Path Skew:        0.294ns (DCD - SCD - CPR)
    Destination Clock Delay (DCD):    1.212ns
    Source Clock Delay      (SCD):    0.918ns
    Clock Pessimism Removal (CPR):    -0.000ns
  Clock Uncertainty:      0.302ns  ((TSJ^2 + TIJ^2)^1/2 + DJ) / 2 + PE
    Total System Jitter     (TSJ):    0.071ns
    Total Input Jitter      (TIJ):    0.600ns
    Discrete Jitter          (DJ):    0.000ns
    Phase Error              (PE):    0.000ns
  Timing Exception:       False Path

    Location             Delay type                Incr(ns)  Path(ns)    Netlist Resource(s)
  -------------------------------------------------------------------    -------------------
                         (clock clk_fpga_0 rise edge)
                                                      0.000     0.000 r  
    PS7_X0Y0             PS7                          0.000     0.000 r  DarkEnhance_i/processing_system7_0/inst/PS7_i/FCLKCLK[0]
                         net (fo=1, routed)           0.310     0.310    DarkEnhance_i/processing_system7_0/inst/FCLK_CLK_unbuffered[0]
    BUFGCTRL_X0Y16       BUFG (Prop_bufg_I_O)         0.026     0.336 r  DarkEnhance_i/processing_system7_0/inst/buffer_fclk_clk_0.FCLK_CLK_0_BUFG/O
                         net (fo=19984, routed)       0.582     0.918    DarkEnhance_i/smartconnect_0/inst/clk_map/psr_aclk/U0/aclk
    SLICE_X88Y19         FDRE                                         r  DarkEnhance_i/smartconnect_0/inst/clk_map/psr_aclk/U0/ACTIVE_LOW_BSR_OUT_DFF[0].FDRE_BSR_N/C
  -------------------------------------------------------------------    -------------------
    SLICE_X88Y19         FDRE (Prop_fdre_C_Q)         0.141     1.059 r  DarkEnhance_i/smartconnect_0/inst/clk_map/psr_aclk/U0/ACTIVE_LOW_BSR_OUT_DFF[0].FDRE_BSR_N/Q
                         net (fo=64, routed)          0.493     1.551    <hidden>
    SLICE_X86Y27         LUT1 (Prop_lut1_I0_O)        0.045     1.596 f  <hidden>
                         net (fo=3, routed)           0.115     1.712    <hidden>
    SLICE_X86Y28         FDCE                                         f  <hidden>
  -------------------------------------------------------------------    -------------------

                         (clock clk_fpga_0 rise edge)
                                                      0.000     0.000 r  
    PS7_X0Y0             PS7                          0.000     0.000 r  DarkEnhance_i/processing_system7_0/inst/PS7_i/FCLKCLK[0]
                         net (fo=1, routed)           0.337     0.337    DarkEnhance_i/processing_system7_0/inst/FCLK_CLK_unbuffered[0]
    BUFGCTRL_X0Y16       BUFG (Prop_bufg_I_O)         0.029     0.366 r  DarkEnhance_i/processing_system7_0/inst/buffer_fclk_clk_0.FCLK_CLK_0_BUFG/O
                         net (fo=19984, routed)       0.846     1.212    <hidden>
    SLICE_X86Y28         FDCE                                         r  <hidden>

Slack:                    inf
  Source:                 DarkEnhance_i/smartconnect_0/inst/clk_map/psr_aclk/U0/ACTIVE_LOW_BSR_OUT_DFF[0].FDRE_BSR_N/C
                            (rising edge-triggered cell FDRE clocked by clk_fpga_0  {rise@0.000ns fall@10.000ns period=20.000ns})
  Destination:            <hidden>
                            (removal check against rising-edge clock clk_fpga_0  {rise@0.000ns fall@10.000ns period=20.000ns})
  Path Group:             (none)
  Path Type:              Removal (Min at Fast Process Corner)
  Data Path Delay:        0.794ns  (logic 0.186ns (23.421%)  route 0.608ns (76.579%))
  Logic Levels:           1  (LUT1=1)
  Clock Path Skew:        0.294ns (DCD - SCD - CPR)
    Destination Clock Delay (DCD):    1.212ns
    Source Clock Delay      (SCD):    0.918ns
    Clock Pessimism Removal (CPR):    -0.000ns
  Clock Uncertainty:      0.302ns  ((TSJ^2 + TIJ^2)^1/2 + DJ) / 2 + PE
    Total System Jitter     (TSJ):    0.071ns
    Total Input Jitter      (TIJ):    0.600ns
    Discrete Jitter          (DJ):    0.000ns
    Phase Error              (PE):    0.000ns
  Timing Exception:       False Path

    Location             Delay type                Incr(ns)  Path(ns)    Netlist Resource(s)
  -------------------------------------------------------------------    -------------------
                         (clock clk_fpga_0 rise edge)
                                                      0.000     0.000 r  
    PS7_X0Y0             PS7                          0.000     0.000 r  DarkEnhance_i/processing_system7_0/inst/PS7_i/FCLKCLK[0]
                         net (fo=1, routed)           0.310     0.310    DarkEnhance_i/processing_system7_0/inst/FCLK_CLK_unbuffered[0]
    BUFGCTRL_X0Y16       BUFG (Prop_bufg_I_O)         0.026     0.336 r  DarkEnhance_i/processing_system7_0/inst/buffer_fclk_clk_0.FCLK_CLK_0_BUFG/O
                         net (fo=19984, routed)       0.582     0.918    DarkEnhance_i/smartconnect_0/inst/clk_map/psr_aclk/U0/aclk
    SLICE_X88Y19         FDRE                                         r  DarkEnhance_i/smartconnect_0/inst/clk_map/psr_aclk/U0/ACTIVE_LOW_BSR_OUT_DFF[0].FDRE_BSR_N/C
  -------------------------------------------------------------------    -------------------
    SLICE_X88Y19         FDRE (Prop_fdre_C_Q)         0.141     1.059 r  DarkEnhance_i/smartconnect_0/inst/clk_map/psr_aclk/U0/ACTIVE_LOW_BSR_OUT_DFF[0].FDRE_BSR_N/Q
                         net (fo=64, routed)          0.493     1.551    <hidden>
    SLICE_X86Y27         LUT1 (Prop_lut1_I0_O)        0.045     1.596 f  <hidden>
                         net (fo=3, routed)           0.115     1.712    <hidden>
    SLICE_X86Y28         FDCE                                         f  <hidden>
  -------------------------------------------------------------------    -------------------

                         (clock clk_fpga_0 rise edge)
                                                      0.000     0.000 r  
    PS7_X0Y0             PS7                          0.000     0.000 r  DarkEnhance_i/processing_system7_0/inst/PS7_i/FCLKCLK[0]
                         net (fo=1, routed)           0.337     0.337    DarkEnhance_i/processing_system7_0/inst/FCLK_CLK_unbuffered[0]
    BUFGCTRL_X0Y16       BUFG (Prop_bufg_I_O)         0.029     0.366 r  DarkEnhance_i/processing_system7_0/inst/buffer_fclk_clk_0.FCLK_CLK_0_BUFG/O
                         net (fo=19984, routed)       0.846     1.212    <hidden>
    SLICE_X86Y28         FDCE                                         r  <hidden>

Slack:                    inf
  Source:                 DarkEnhance_i/smartconnect_0/inst/clk_map/psr_aclk/U0/ACTIVE_LOW_BSR_OUT_DFF[0].FDRE_BSR_N/C
                            (rising edge-triggered cell FDRE clocked by clk_fpga_0  {rise@0.000ns fall@10.000ns period=20.000ns})
  Destination:            <hidden>
                            (removal check against rising-edge clock clk_fpga_0  {rise@0.000ns fall@10.000ns period=20.000ns})
  Path Group:             (none)
  Path Type:              Removal (Min at Fast Process Corner)
  Data Path Delay:        0.794ns  (logic 0.186ns (23.421%)  route 0.608ns (76.579%))
  Logic Levels:           1  (LUT1=1)
  Clock Path Skew:        0.294ns (DCD - SCD - CPR)
    Destination Clock Delay (DCD):    1.212ns
    Source Clock Delay      (SCD):    0.918ns
    Clock Pessimism Removal (CPR):    -0.000ns
  Clock Uncertainty:      0.302ns  ((TSJ^2 + TIJ^2)^1/2 + DJ) / 2 + PE
    Total System Jitter     (TSJ):    0.071ns
    Total Input Jitter      (TIJ):    0.600ns
    Discrete Jitter          (DJ):    0.000ns
    Phase Error              (PE):    0.000ns
  Timing Exception:       False Path

    Location             Delay type                Incr(ns)  Path(ns)    Netlist Resource(s)
  -------------------------------------------------------------------    -------------------
                         (clock clk_fpga_0 rise edge)
                                                      0.000     0.000 r  
    PS7_X0Y0             PS7                          0.000     0.000 r  DarkEnhance_i/processing_system7_0/inst/PS7_i/FCLKCLK[0]
                         net (fo=1, routed)           0.310     0.310    DarkEnhance_i/processing_system7_0/inst/FCLK_CLK_unbuffered[0]
    BUFGCTRL_X0Y16       BUFG (Prop_bufg_I_O)         0.026     0.336 r  DarkEnhance_i/processing_system7_0/inst/buffer_fclk_clk_0.FCLK_CLK_0_BUFG/O
                         net (fo=19984, routed)       0.582     0.918    DarkEnhance_i/smartconnect_0/inst/clk_map/psr_aclk/U0/aclk
    SLICE_X88Y19         FDRE                                         r  DarkEnhance_i/smartconnect_0/inst/clk_map/psr_aclk/U0/ACTIVE_LOW_BSR_OUT_DFF[0].FDRE_BSR_N/C
  -------------------------------------------------------------------    -------------------
    SLICE_X88Y19         FDRE (Prop_fdre_C_Q)         0.141     1.059 r  DarkEnhance_i/smartconnect_0/inst/clk_map/psr_aclk/U0/ACTIVE_LOW_BSR_OUT_DFF[0].FDRE_BSR_N/Q
                         net (fo=64, routed)          0.493     1.551    <hidden>
    SLICE_X86Y27         LUT1 (Prop_lut1_I0_O)        0.045     1.596 f  <hidden>
                         net (fo=3, routed)           0.115     1.712    <hidden>
    SLICE_X86Y28         FDCE                                         f  <hidden>
  -------------------------------------------------------------------    -------------------

                         (clock clk_fpga_0 rise edge)
                                                      0.000     0.000 r  
    PS7_X0Y0             PS7                          0.000     0.000 r  DarkEnhance_i/processing_system7_0/inst/PS7_i/FCLKCLK[0]
                         net (fo=1, routed)           0.337     0.337    DarkEnhance_i/processing_system7_0/inst/FCLK_CLK_unbuffered[0]
    BUFGCTRL_X0Y16       BUFG (Prop_bufg_I_O)         0.029     0.366 r  DarkEnhance_i/processing_system7_0/inst/buffer_fclk_clk_0.FCLK_CLK_0_BUFG/O
                         net (fo=19984, routed)       0.846     1.212    <hidden>
    SLICE_X86Y28         FDCE                                         r  <hidden>





